question,answer,role,category,technical_score,relevance_score,communication_score,overall_score
Tell me about yourself.,"My understanding is that it helps solve a particular problem. I know the general idea, although I may not remember all the technical details. I would also communicate the reasoning clearly to the team.",Data Analyst,Behavioral,4.6,5.6,5.4,5.1
How do you handle feedback?,"My understanding is that it helps solve a particular problem. I know the general idea, although I may not remember all the technical details.",General / HR,Situational,6.1,5.9,5.1,5.9
Tell me about yourself.,"I would explain this clearly by defining the concept first, then giving a practical example. The key point is that the approach should solve the stated problem while considering correctness, performance, and maintainability.",General / HR,Behavioral,9.4,8.9,8.9,9.0
What is logistic regression?,I have heard about this concept but I cannot explain how it works in detail. I would need to review the topic. I would make sure the result is relevant to the actual business or project requirement.,Data Scientist,Technical,4.4,2.9,2.7,3.4
How would you handle missing values in a dataset?,"My understanding is that it helps solve a particular problem. I know the general idea, although I may not remember all the technical details.",Data Analyst,Technical,5.8,6.0,5.8,5.7
How would you handle missing values in a dataset?,It is related to the question and is commonly used in projects. I can explain the basics but would need more practice to give a detailed answer. I would make sure the result is relevant to the actual business or project requirement.,Data Analyst,Technical,5.5,6.0,5.4,5.7
What is regularization?,This concept is mainly used to solve the problem efficiently. I understand the basic working and can explain it with an example. I would also test the solution before using it in a project.,Data Scientist,Technical,7.0,8.2,6.7,7.5
Describe a data science project.,My understanding is that this method provides a structured way to solve the problem. I would apply it based on the requirements and check the output using appropriate validation.,Data Scientist,Behavioral,7.6,7.8,7.3,7.5
What is your biggest weakness?,It is related to the question and is commonly used in projects. I can explain the basics but would need more practice to give a detailed answer. I would make sure the result is relevant to the actual business or project requirement. I would also communicate the reasoning clearly to the team.,General / HR,Behavioral,5.7,5.6,6.1,5.7
Where do you see yourself in five years?,It is an important concept because it improves the way we solve or analyze a problem. I know the main idea and would use a practical example to explain it.,General / HR,Behavioral,6.8,7.2,7.2,6.8
How do you handle imbalanced data?,"I am not sure about the exact answer. I know it is related to programming or data, but I cannot provide a clear explanation right now. I would make sure the result is relevant to the actual business or project requirement.",Data Scientist,Technical,3.4,3.1,2.7,3.1
What is gradient descent?,I have heard about this concept but I cannot explain how it works in detail. I would need to review the topic. I would make sure the result is relevant to the actual business or project requirement.,ML Engineer,Technical,3.3,2.6,2.8,3.2
Tell me about yourself.,It is an important concept because it improves the way we solve or analyze a problem. I know the main idea and would use a practical example to explain it. I would make sure the result is relevant to the actual business or project requirement. I would also communicate the reasoning clearly to the team.,Software Developer,Behavioral,7.0,7.8,6.5,7.2
Tell me about yourself.,I have heard about this concept but I cannot explain how it works in detail. I would need to review the topic.,ML Engineer,Behavioral,2.7,3.3,3.3,3.3
How do you identify outliers?,"I am not sure about the exact answer. I know it is related to programming or data, but I cannot provide a clear explanation right now. I would make sure the result is relevant to the actual business or project requirement.",Data Analyst,Technical,3.5,3.4,4.0,3.4
Tell me about yourself.,"I would explain this clearly by defining the concept first, then giving a practical example. The key point is that the approach should solve the stated problem while considering correctness, performance, and maintainability.",ML Engineer,Behavioral,9.1,8.8,8.4,8.7
Tell me about yourself.,I think it is something used in technology. I am not completely sure about the definition and would need to study it again.,ML Engineer,Behavioral,2.4,1.8,3.4,2.3
What is the difference between classification and regression?,"My understanding is that it helps solve a particular problem. I know the general idea, although I may not remember all the technical details. I would make sure the result is relevant to the actual business or project requirement.",ML Engineer,Technical,5.5,5.4,4.7,5.0
How do you select useful features?,"It is a concept used in programming or data work. I know the basic definition, but I would need to review some details before implementing it in a complex project.",Data Scientist,Technical,6.0,5.2,4.6,5.3
What is p-value?,"My understanding is that it helps solve a particular problem. I know the general idea, although I may not remember all the technical details.",Data Scientist,Technical,4.8,6.2,5.7,5.4
What is your biggest weakness?,"I would explain this clearly by defining the concept first, then giving a practical example. The key point is that the approach should solve the stated problem while considering correctness, performance, and maintainability. I would make sure the result is relevant to the actual business or project requirement.",General / HR,Behavioral,8.2,9.0,9.8,8.9
Explain INNER JOIN and LEFT JOIN.,It is an important concept because it improves the way we solve or analyze a problem. I know the main idea and would use a practical example to explain it. I would make sure the result is relevant to the actual business or project requirement.,Data Analyst,Technical,7.0,8.0,7.4,7.7
What is exception handling?,"I have used this concept in projects and would approach it systematically. First I would identify the requirements, then implement the solution, test it with representative cases, and evaluate the result using suitable metrics. I would make sure the result is relevant to the actual business or project requirement.",Software Developer,Technical,8.7,8.8,9.5,8.7
What is exception handling?,This concept is mainly used to solve the problem efficiently. I understand the basic working and can explain it with an example. I would also test the solution before using it in a project.,Software Developer,Technical,7.1,7.5,8.0,7.5
What is the purpose of a dashboard?,I think it is something used in technology. I am not completely sure about the definition and would need to study it again.,Data Analyst,Technical,2.4,2.9,3.6,2.6
Tell me about yourself.,I think it is something used in technology. I am not completely sure about the definition and would need to study it again.,ML Engineer,Behavioral,2.8,3.8,3.6,3.5
What is cross-validation?,"The main idea is to understand the problem, choose the appropriate method, and validate the result. In a practical project, I would also test edge cases and explain the trade-offs behind my choice.",ML Engineer,Technical,8.3,9.0,8.9,9.1
What is the difference between WHERE and HAVING in SQL?,"The main idea is to understand the problem, choose the appropriate method, and validate the result. In a practical project, I would also test edge cases and explain the trade-offs behind my choice.",Data Analyst,Technical,8.5,9.1,9.3,8.8
Tell me about yourself.,"My understanding is that it helps solve a particular problem. I know the general idea, although I may not remember all the technical details.",Software Developer,Behavioral,6.8,5.2,5.1,5.9
How would you debug a model with poor performance?,It is an important concept because it improves the way we solve or analyze a problem. I know the main idea and would use a practical example to explain it. I would make sure the result is relevant to the actual business or project requirement.,ML Engineer,Situational,6.6,8.4,9.0,7.5
What is gradient descent?,I think it is something used in technology. I am not completely sure about the definition and would need to study it again. I would make sure the result is relevant to the actual business or project requirement. I would also communicate the reasoning clearly to the team.,ML Engineer,Technical,3.5,3.4,2.8,3.3
Why do you want this role?,I think it is something used in technology. I am not completely sure about the definition and would need to study it again. I would make sure the result is relevant to the actual business or project requirement. I would also communicate the reasoning clearly to the team.,General / HR,Behavioral,2.6,3.5,3.9,3.2
Why should we hire you?,It is an important concept because it improves the way we solve or analyze a problem. I know the main idea and would use a practical example to explain it. I would also communicate the reasoning clearly to the team.,General / HR,Behavioral,7.1,8.5,8.3,7.9
What is your biggest weakness?,"It is a concept used in programming or data work. I know the basic definition, but I would need to review some details before implementing it in a complex project. I would also communicate the reasoning clearly to the team.",General / HR,Behavioral,6.2,5.7,6.0,5.7
How do you handle feedback?,"I would explain this clearly by defining the concept first, then giving a practical example. The key point is that the approach should solve the stated problem while considering correctness, performance, and maintainability.",General / HR,Situational,8.8,8.8,9.0,8.8
Why should we hire you?,"The main idea is to understand the problem, choose the appropriate method, and validate the result. In a practical project, I would also test edge cases and explain the trade-offs behind my choice.",General / HR,Behavioral,8.9,9.1,8.9,8.6
How would you handle missing values in a dataset?,"My understanding is that it helps solve a particular problem. I know the general idea, although I may not remember all the technical details.",Data Analyst,Technical,5.4,4.9,5.2,5.4
What is Git used for?,It is an important concept because it improves the way we solve or analyze a problem. I know the main idea and would use a practical example to explain it. I would make sure the result is relevant to the actual business or project requirement.,Software Developer,Technical,8.2,7.6,7.7,7.8
What is regularization?,"It is a concept used in programming or data work. I know the basic definition, but I would need to review some details before implementing it in a complex project. I would make sure the result is relevant to the actual business or project requirement.",Data Scientist,Technical,5.3,6.3,5.9,6.1
What is an ROC curve?,"I would explain this clearly by defining the concept first, then giving a practical example. The key point is that the approach should solve the stated problem while considering correctness, performance, and maintainability. I would make sure the result is relevant to the actual business or project requirement.",Data Scientist,Technical,8.6,9.6,9.1,8.9
How do you prioritize multiple tasks?,It is related to the question and is commonly used in projects. I can explain the basics but would need more practice to give a detailed answer. I would make sure the result is relevant to the actual business or project requirement.,General / HR,Situational,5.0,6.3,6.0,5.2
Why do we scale features?,My understanding is that this method provides a structured way to solve the problem. I would apply it based on the requirements and check the output using appropriate validation.,ML Engineer,Technical,6.1,7.0,7.5,6.4
What is p-value?,It is an important concept because it improves the way we solve or analyze a problem. I know the main idea and would use a practical example to explain it.,Data Scientist,Technical,7.8,7.5,7.3,7.6
Tell me about yourself.,"My understanding is that it helps solve a particular problem. I know the general idea, although I may not remember all the technical details. I would make sure the result is relevant to the actual business or project requirement. I would also communicate the reasoning clearly to the team.",ML Engineer,Behavioral,6.0,4.9,5.6,5.8
What is the difference between mean and median?,"The main idea is to understand the problem, choose the appropriate method, and validate the result. In a practical project, I would also test edge cases and explain the trade-offs behind my choice.",Data Analyst,Technical,9.4,9.3,9.2,9.4
What is linear regression?,It is an important concept because it improves the way we solve or analyze a problem. I know the main idea and would use a practical example to explain it. I would make sure the result is relevant to the actual business or project requirement.,Data Scientist,Technical,6.9,7.4,7.9,7.0
What is cross-validation?,This concept is mainly used to solve the problem efficiently. I understand the basic working and can explain it with an example. I would also test the solution before using it in a project. I would make sure the result is relevant to the actual business or project requirement.,ML Engineer,Technical,7.4,6.6,5.9,6.8
Why do we scale features?,"I would explain this clearly by defining the concept first, then giving a practical example. The key point is that the approach should solve the stated problem while considering correctness, performance, and maintainability. I would make sure the result is relevant to the actual business or project requirement.",ML Engineer,Technical,8.5,9.0,9.1,8.9
Tell me about yourself.,"My understanding is that it helps solve a particular problem. I know the general idea, although I may not remember all the technical details. I would also communicate the reasoning clearly to the team.",General / HR,Behavioral,5.1,5.9,5.5,5.4
What is the difference between WHERE and HAVING in SQL?,This concept is mainly used to solve the problem efficiently. I understand the basic working and can explain it with an example. I would also test the solution before using it in a project.,Data Analyst,Technical,5.9,7.0,7.6,6.6
Tell me about yourself.,It is an important concept because it improves the way we solve or analyze a problem. I know the main idea and would use a practical example to explain it. I would make sure the result is relevant to the actual business or project requirement.,Data Analyst,Behavioral,7.9,7.4,7.0,7.4
How do you handle feedback?,It is related to the question and is commonly used in projects. I can explain the basics but would need more practice to give a detailed answer. I would make sure the result is relevant to the actual business or project requirement.,General / HR,Situational,6.5,4.7,5.9,5.6
What is SQL?,"The main idea is to understand the problem, choose the appropriate method, and validate the result. In a practical project, I would also test edge cases and explain the trade-offs behind my choice. I would make sure the result is relevant to the actual business or project requirement. I would also communicate the reasoning clearly to the team.",Data Analyst,Technical,8.6,8.5,8.5,8.6
What is linear regression?,My understanding is that this method provides a structured way to solve the problem. I would apply it based on the requirements and check the output using appropriate validation. I would make sure the result is relevant to the actual business or project requirement.,Data Scientist,Technical,7.0,6.5,7.8,7.0
How would you debug a model with poor performance?,I have heard about this concept but I cannot explain how it works in detail. I would need to review the topic.,ML Engineer,Situational,4.4,3.2,3.4,3.9
What is gradient descent?,My understanding is that this method provides a structured way to solve the problem. I would apply it based on the requirements and check the output using appropriate validation.,ML Engineer,Technical,6.7,6.5,6.1,6.3
Tell me about yourself.,"My understanding is that it helps solve a particular problem. I know the general idea, although I may not remember all the technical details. I would make sure the result is relevant to the actual business or project requirement.",General / HR,Behavioral,5.6,5.3,5.5,5.5
What is gradient descent?,This concept is mainly used to solve the problem efficiently. I understand the basic working and can explain it with an example. I would also test the solution before using it in a project.,ML Engineer,Technical,7.2,8.8,7.3,8.0
Describe an ML project you built.,"I have used this concept in projects and would approach it systematically. First I would identify the requirements, then implement the solution, test it with representative cases, and evaluate the result using suitable metrics.",ML Engineer,Behavioral,9.0,8.6,9.3,9.1
Tell me about yourself.,"It is a concept used in programming or data work. I know the basic definition, but I would need to review some details before implementing it in a complex project. I would make sure the result is relevant to the actual business or project requirement. I would also communicate the reasoning clearly to the team.",ML Engineer,Behavioral,6.0,4.4,5.4,5.0
Describe a data science project.,It is related to the question and is commonly used in projects. I can explain the basics but would need more practice to give a detailed answer. I would also communicate the reasoning clearly to the team.,Data Scientist,Behavioral,3.5,5.2,7.2,5.0
How would you handle missing values in a dataset?,This concept is mainly used to solve the problem efficiently. I understand the basic working and can explain it with an example. I would also test the solution before using it in a project.,Data Analyst,Technical,7.3,7.3,7.6,7.4
What is overfitting?,I have heard about this concept but I cannot explain how it works in detail. I would need to review the topic.,ML Engineer,Technical,2.4,4.0,2.9,3.3
How do you handle feedback?,I have heard about this concept but I cannot explain how it works in detail. I would need to review the topic.,General / HR,Situational,4.0,2.9,2.6,3.3
Tell me about yourself.,"It is a concept used in programming or data work. I know the basic definition, but I would need to review some details before implementing it in a complex project.",General / HR,Behavioral,3.8,5.0,4.6,4.2
Describe a difficult bug you solved.,My understanding is that this method provides a structured way to solve the problem. I would apply it based on the requirements and check the output using appropriate validation.,Software Developer,Behavioral,7.3,6.8,7.8,7.4
How do you handle feedback?,My understanding is that this method provides a structured way to solve the problem. I would apply it based on the requirements and check the output using appropriate validation.,General / HR,Situational,7.0,6.9,6.9,6.7
What is an ROC curve?,My understanding is that this method provides a structured way to solve the problem. I would apply it based on the requirements and check the output using appropriate validation. I would make sure the result is relevant to the actual business or project requirement.,Data Scientist,Technical,7.4,7.4,6.8,7.4
What is the difference between a list and tuple in Python?,I have heard about this concept but I cannot explain how it works in detail. I would need to review the topic.,Software Developer,Technical,2.1,3.1,3.2,2.5
Where do you see yourself in five years?,"The main idea is to understand the problem, choose the appropriate method, and validate the result. In a practical project, I would also test edge cases and explain the trade-offs behind my choice.",General / HR,Behavioral,8.7,9.1,8.0,8.4
Tell me about yourself.,"I would explain this clearly by defining the concept first, then giving a practical example. The key point is that the approach should solve the stated problem while considering correctness, performance, and maintainability.",Data Scientist,Behavioral,8.4,9.1,9.8,8.7
What is the difference between WHERE and HAVING in SQL?,This concept is mainly used to solve the problem efficiently. I understand the basic working and can explain it with an example. I would also test the solution before using it in a project.,Data Analyst,Technical,6.3,6.6,7.0,6.5
How do you prioritize multiple tasks?,This concept is mainly used to solve the problem efficiently. I understand the basic working and can explain it with an example. I would also test the solution before using it in a project.,General / HR,Situational,7.9,7.0,7.1,7.5
Why do you want this role?,"I am not sure about the exact answer. I know it is related to programming or data, but I cannot provide a clear explanation right now. I would also communicate the reasoning clearly to the team.",General / HR,Behavioral,2.3,3.3,2.3,2.7
Describe a challenging project you worked on.,My understanding is that this method provides a structured way to solve the problem. I would apply it based on the requirements and check the output using appropriate validation. I would make sure the result is relevant to the actual business or project requirement.,Data Analyst,Behavioral,8.0,7.1,7.5,7.6
What is your biggest weakness?,"I am not sure about the exact answer. I know it is related to programming or data, but I cannot provide a clear explanation right now.",General / HR,Behavioral,3.9,2.5,1.7,3.2
Describe a data science project.,It is related to the question and is commonly used in projects. I can explain the basics but would need more practice to give a detailed answer.,Data Scientist,Behavioral,5.3,4.8,6.0,5.4
Explain precision and recall.,"I have used this concept in projects and would approach it systematically. First I would identify the requirements, then implement the solution, test it with representative cases, and evaluate the result using suitable metrics.",ML Engineer,Technical,8.6,8.9,9.1,8.5
What is normalization?,"I would explain this clearly by defining the concept first, then giving a practical example. The key point is that the approach should solve the stated problem while considering correctness, performance, and maintainability. I would make sure the result is relevant to the actual business or project requirement.",Data Analyst,Technical,8.3,9.2,8.9,8.6
How would you debug a model with poor performance?,"My understanding is that it helps solve a particular problem. I know the general idea, although I may not remember all the technical details.",ML Engineer,Situational,5.4,5.0,5.4,5.3
What is the difference between a list and tuple in Python?,It is related to the question and is commonly used in projects. I can explain the basics but would need more practice to give a detailed answer.,Software Developer,Technical,5.9,5.7,4.9,5.4
What is your biggest weakness?,I think it is something used in technology. I am not completely sure about the definition and would need to study it again.,General / HR,Behavioral,3.3,3.4,3.1,3.4
Why do you want this role?,"The main idea is to understand the problem, choose the appropriate method, and validate the result. In a practical project, I would also test edge cases and explain the trade-offs behind my choice.",General / HR,Behavioral,8.6,8.7,9.4,9.1
How do you handle imbalanced data?,"The main idea is to understand the problem, choose the appropriate method, and validate the result. In a practical project, I would also test edge cases and explain the trade-offs behind my choice.",Data Scientist,Technical,9.2,7.9,8.4,8.5
Explain INNER JOIN and LEFT JOIN.,"I am not sure about the exact answer. I know it is related to programming or data, but I cannot provide a clear explanation right now.",Data Analyst,Technical,2.8,2.5,3.0,3.0
Describe an ML project you built.,It is related to the question and is commonly used in projects. I can explain the basics but would need more practice to give a detailed answer. I would make sure the result is relevant to the actual business or project requirement.,ML Engineer,Behavioral,5.8,5.5,6.1,5.6
What is SQL?,This concept is mainly used to solve the problem efficiently. I understand the basic working and can explain it with an example. I would also test the solution before using it in a project. I would make sure the result is relevant to the actual business or project requirement.,Data Analyst,Technical,7.0,6.8,7.1,7.2
What is gradient descent?,This concept is mainly used to solve the problem efficiently. I understand the basic working and can explain it with an example. I would also test the solution before using it in a project.,ML Engineer,Technical,7.4,7.8,6.6,7.1
Describe a failure and what you learned.,I have heard about this concept but I cannot explain how it works in detail. I would need to review the topic. I would make sure the result is relevant to the actual business or project requirement.,General / HR,Behavioral,3.1,3.7,3.8,3.1
What is the purpose of a dashboard?,"My understanding is that it helps solve a particular problem. I know the general idea, although I may not remember all the technical details.",Data Analyst,Technical,4.2,5.6,6.0,5.4
What is overfitting?,It is an important concept because it improves the way we solve or analyze a problem. I know the main idea and would use a practical example to explain it. I would make sure the result is relevant to the actual business or project requirement.,ML Engineer,Technical,6.6,8.5,8.2,7.8
Describe a failure and what you learned.,It is related to the question and is commonly used in projects. I can explain the basics but would need more practice to give a detailed answer.,General / HR,Behavioral,6.2,6.0,6.1,6.2
Tell me about yourself.,"My understanding is that it helps solve a particular problem. I know the general idea, although I may not remember all the technical details. I would make sure the result is relevant to the actual business or project requirement.",General / HR,Behavioral,6.5,6.7,6.5,6.6
What is the difference between WHERE and HAVING in SQL?,I have heard about this concept but I cannot explain how it works in detail. I would need to review the topic. I would make sure the result is relevant to the actual business or project requirement.,Data Analyst,Technical,3.3,3.2,2.2,3.0
Tell me about yourself.,"The main idea is to understand the problem, choose the appropriate method, and validate the result. In a practical project, I would also test edge cases and explain the trade-offs behind my choice. I would make sure the result is relevant to the actual business or project requirement.",General / HR,Behavioral,8.8,8.9,8.6,8.7
Why do we scale features?,This concept is mainly used to solve the problem efficiently. I understand the basic working and can explain it with an example. I would also test the solution before using it in a project. I would make sure the result is relevant to the actual business or project requirement.,ML Engineer,Technical,6.2,7.3,7.7,7.1
How do you handle feedback?,"My understanding is that it helps solve a particular problem. I know the general idea, although I may not remember all the technical details.",General / HR,Situational,5.6,6.4,6.4,6.0
How do you select useful features?,It is related to the question and is commonly used in projects. I can explain the basics but would need more practice to give a detailed answer. I would also communicate the reasoning clearly to the team.,Data Scientist,Technical,5.0,5.7,5.1,5.1
Describe a data science project.,"It is a concept used in programming or data work. I know the basic definition, but I would need to review some details before implementing it in a complex project. I would make sure the result is relevant to the actual business or project requirement.",Data Scientist,Behavioral,5.1,6.5,4.9,5.1
Describe a data science project.,"I have used this concept in projects and would approach it systematically. First I would identify the requirements, then implement the solution, test it with representative cases, and evaluate the result using suitable metrics.",Data Scientist,Behavioral,9.3,7.7,9.2,9.1
What is overfitting?,"I have used this concept in projects and would approach it systematically. First I would identify the requirements, then implement the solution, test it with representative cases, and evaluate the result using suitable metrics. I would also communicate the reasoning clearly to the team.",ML Engineer,Technical,9.4,9.8,8.6,9.7
How do you prioritize multiple tasks?,My understanding is that this method provides a structured way to solve the problem. I would apply it based on the requirements and check the output using appropriate validation.,General / HR,Situational,7.4,9.1,7.9,7.9
How do you identify outliers?,"The main idea is to understand the problem, choose the appropriate method, and validate the result. In a practical project, I would also test edge cases and explain the trade-offs behind my choice. I would make sure the result is relevant to the actual business or project requirement.",Data Analyst,Technical,8.9,9.0,9.0,9.0
What is supervised learning?,"The main idea is to understand the problem, choose the appropriate method, and validate the result. In a practical project, I would also test edge cases and explain the trade-offs behind my choice. I would make sure the result is relevant to the actual business or project requirement. I would also communicate the reasoning clearly to the team.",ML Engineer,Technical,8.8,9.0,8.5,8.9
What are your strengths?,This concept is mainly used to solve the problem efficiently. I understand the basic working and can explain it with an example. I would also test the solution before using it in a project. I would make sure the result is relevant to the actual business or project requirement. I would also communicate the reasoning clearly to the team.,General / HR,Behavioral,6.6,7.7,7.5,6.8
Describe an ML project you built.,"It is a concept used in programming or data work. I know the basic definition, but I would need to review some details before implementing it in a complex project. I would make sure the result is relevant to the actual business or project requirement.",ML Engineer,Behavioral,5.4,5.7,6.3,5.5
How do you handle a tight deadline?,I have heard about this concept but I cannot explain how it works in detail. I would need to review the topic. I would make sure the result is relevant to the actual business or project requirement.,Software Developer,Situational,1.4,2.0,2.7,1.8
What is the difference between mean and median?,"It is a concept used in programming or data work. I know the basic definition, but I would need to review some details before implementing it in a complex project. I would make sure the result is relevant to the actual business or project requirement.",Data Analyst,Technical,5.0,5.0,5.7,4.9
Why do you want this role?,This concept is mainly used to solve the problem efficiently. I understand the basic working and can explain it with an example. I would also test the solution before using it in a project. I would make sure the result is relevant to the actual business or project requirement.,General / HR,Behavioral,8.3,7.2,6.7,7.6
Explain correlation versus causation.,"I am not sure about the exact answer. I know it is related to programming or data, but I cannot provide a clear explanation right now.",Data Scientist,Technical,2.6,3.8,3.8,3.5
What is the difference between classification and regression?,"It is a concept used in programming or data work. I know the basic definition, but I would need to review some details before implementing it in a complex project. I would make sure the result is relevant to the actual business or project requirement.",ML Engineer,Technical,5.5,5.2,5.3,5.7
What is the difference between GET and POST?,My understanding is that this method provides a structured way to solve the problem. I would apply it based on the requirements and check the output using appropriate validation. I would also communicate the reasoning clearly to the team.,Software Developer,Technical,7.2,7.6,7.8,7.8
What is the difference between WHERE and HAVING in SQL?,It is an important concept because it improves the way we solve or analyze a problem. I know the main idea and would use a practical example to explain it. I would make sure the result is relevant to the actual business or project requirement. I would also communicate the reasoning clearly to the team.,Data Analyst,Technical,7.7,7.5,7.7,7.7
What is OOP?,"My understanding is that it helps solve a particular problem. I know the general idea, although I may not remember all the technical details. I would also communicate the reasoning clearly to the team.",Software Developer,Technical,3.5,5.8,3.0,3.8
What are your strengths?,"I have used this concept in projects and would approach it systematically. First I would identify the requirements, then implement the solution, test it with representative cases, and evaluate the result using suitable metrics. I would make sure the result is relevant to the actual business or project requirement.",General / HR,Behavioral,8.6,10.0,9.0,9.2
Tell me about yourself.,"I would explain this clearly by defining the concept first, then giving a practical example. The key point is that the approach should solve the stated problem while considering correctness, performance, and maintainability.",Software Developer,Behavioral,8.8,8.3,8.9,8.6
What is the difference between GET and POST?,I have heard about this concept but I cannot explain how it works in detail. I would need to review the topic.,Software Developer,Technical,3.4,2.5,2.3,3.1
What is a primary key?,My understanding is that this method provides a structured way to solve the problem. I would apply it based on the requirements and check the output using appropriate validation.,Data Analyst,Technical,6.4,7.5,7.6,7.1
What is supervised learning?,"It is a concept used in programming or data work. I know the basic definition, but I would need to review some details before implementing it in a complex project.",ML Engineer,Technical,5.2,5.2,6.0,5.7
Describe a failure and what you learned.,My understanding is that this method provides a structured way to solve the problem. I would apply it based on the requirements and check the output using appropriate validation.,General / HR,Behavioral,7.6,7.4,7.5,7.7
How do you identify outliers?,It is related to the question and is commonly used in projects. I can explain the basics but would need more practice to give a detailed answer. I would also communicate the reasoning clearly to the team.,Data Analyst,Technical,5.6,6.0,5.2,5.8
What is cross-validation?,"It is a concept used in programming or data work. I know the basic definition, but I would need to review some details before implementing it in a complex project. I would make sure the result is relevant to the actual business or project requirement.",ML Engineer,Technical,4.3,4.9,4.7,4.6
What is your biggest weakness?,I think it is something used in technology. I am not completely sure about the definition and would need to study it again.,General / HR,Behavioral,3.3,3.6,1.9,2.9
What is time complexity?,"My understanding is that it helps solve a particular problem. I know the general idea, although I may not remember all the technical details.",Software Developer,Technical,6.2,5.7,5.1,5.8
What is feature engineering?,"I have used this concept in projects and would approach it systematically. First I would identify the requirements, then implement the solution, test it with representative cases, and evaluate the result using suitable metrics.",ML Engineer,Technical,9.1,8.5,9.2,9.1
How do you handle imbalanced data?,"My understanding is that it helps solve a particular problem. I know the general idea, although I may not remember all the technical details. I would make sure the result is relevant to the actual business or project requirement.",Data Scientist,Technical,5.8,4.9,5.7,5.3
Describe a failure and what you learned.,This concept is mainly used to solve the problem efficiently. I understand the basic working and can explain it with an example. I would also test the solution before using it in a project.,General / HR,Behavioral,7.3,7.6,7.5,7.5
What is feature engineering?,"My understanding is that it helps solve a particular problem. I know the general idea, although I may not remember all the technical details.",ML Engineer,Technical,5.0,5.5,4.7,5.2
Describe a challenging project you worked on.,"I am not sure about the exact answer. I know it is related to programming or data, but I cannot provide a clear explanation right now. I would make sure the result is relevant to the actual business or project requirement.",Data Analyst,Behavioral,2.0,2.6,3.4,2.7
What is logistic regression?,"The main idea is to understand the problem, choose the appropriate method, and validate the result. In a practical project, I would also test edge cases and explain the trade-offs behind my choice. I would also communicate the reasoning clearly to the team.",Data Scientist,Technical,8.7,9.1,8.8,8.9
Explain a stack and a queue.,"I am not sure about the exact answer. I know it is related to programming or data, but I cannot provide a clear explanation right now. I would make sure the result is relevant to the actual business or project requirement.",Software Developer,Technical,2.6,3.2,3.5,3.0
Tell me about yourself.,"I have used this concept in projects and would approach it systematically. First I would identify the requirements, then implement the solution, test it with representative cases, and evaluate the result using suitable metrics. I would also communicate the reasoning clearly to the team.",General / HR,Behavioral,9.0,9.4,9.6,9.5
How would you handle missing values in a dataset?,I have heard about this concept but I cannot explain how it works in detail. I would need to review the topic.,Data Analyst,Technical,2.1,2.6,3.8,2.9
Explain correlation versus causation.,"I have used this concept in projects and would approach it systematically. First I would identify the requirements, then implement the solution, test it with representative cases, and evaluate the result using suitable metrics.",Data Scientist,Technical,8.8,9.0,9.3,8.9
What is time complexity?,I have heard about this concept but I cannot explain how it works in detail. I would need to review the topic. I would make sure the result is relevant to the actual business or project requirement.,Software Developer,Technical,2.8,3.0,2.8,3.2
What is normalization?,I think it is something used in technology. I am not completely sure about the definition and would need to study it again.,Data Analyst,Technical,2.8,2.7,3.9,3.0
Why do we scale features?,"It is a concept used in programming or data work. I know the basic definition, but I would need to review some details before implementing it in a complex project.",ML Engineer,Technical,6.5,4.0,4.1,5.1
What is regularization?,"I am not sure about the exact answer. I know it is related to programming or data, but I cannot provide a clear explanation right now. I would make sure the result is relevant to the actual business or project requirement. I would also communicate the reasoning clearly to the team.",Data Scientist,Technical,3.7,3.8,3.1,3.7
What are your strengths?,This concept is mainly used to solve the problem efficiently. I understand the basic working and can explain it with an example. I would also test the solution before using it in a project.,General / HR,Behavioral,8.0,6.0,6.7,6.9
Explain precision and recall.,"My understanding is that it helps solve a particular problem. I know the general idea, although I may not remember all the technical details.",ML Engineer,Technical,4.8,7.1,6.6,5.9
What is supervised learning?,My understanding is that this method provides a structured way to solve the problem. I would apply it based on the requirements and check the output using appropriate validation. I would make sure the result is relevant to the actual business or project requirement.,ML Engineer,Technical,7.2,6.5,6.8,6.9
Tell me about yourself.,This concept is mainly used to solve the problem efficiently. I understand the basic working and can explain it with an example. I would also test the solution before using it in a project. I would make sure the result is relevant to the actual business or project requirement.,ML Engineer,Behavioral,6.8,7.7,7.4,7.0
Describe an ML project you built.,It is an important concept because it improves the way we solve or analyze a problem. I know the main idea and would use a practical example to explain it.,ML Engineer,Behavioral,7.8,7.2,7.9,8.0
How would you handle missing values in a dataset?,"My understanding is that it helps solve a particular problem. I know the general idea, although I may not remember all the technical details.",Data Analyst,Technical,4.7,4.7,5.1,4.9
What is the difference between WHERE and HAVING in SQL?,"I would explain this clearly by defining the concept first, then giving a practical example. The key point is that the approach should solve the stated problem while considering correctness, performance, and maintainability. I would also communicate the reasoning clearly to the team.",Data Analyst,Technical,9.8,9.1,9.2,9.4
Tell me about yourself.,"I have used this concept in projects and would approach it systematically. First I would identify the requirements, then implement the solution, test it with representative cases, and evaluate the result using suitable metrics. I would make sure the result is relevant to the actual business or project requirement. I would also communicate the reasoning clearly to the team.",Software Developer,Behavioral,8.0,7.9,8.5,8.3
Describe a failure and what you learned.,"I have used this concept in projects and would approach it systematically. First I would identify the requirements, then implement the solution, test it with representative cases, and evaluate the result using suitable metrics. I would also communicate the reasoning clearly to the team.",General / HR,Behavioral,9.0,9.3,8.8,9.1
Describe an ML project you built.,"I am not sure about the exact answer. I know it is related to programming or data, but I cannot provide a clear explanation right now.",ML Engineer,Behavioral,3.1,3.4,2.7,3.1
What is linear regression?,It is related to the question and is commonly used in projects. I can explain the basics but would need more practice to give a detailed answer.,Data Scientist,Technical,6.5,5.2,6.1,6.0
What is normalization?,"I have used this concept in projects and would approach it systematically. First I would identify the requirements, then implement the solution, test it with representative cases, and evaluate the result using suitable metrics.",Data Analyst,Technical,9.2,9.6,8.4,9.2
What is time complexity?,It is related to the question and is commonly used in projects. I can explain the basics but would need more practice to give a detailed answer. I would also communicate the reasoning clearly to the team.,Software Developer,Technical,5.1,6.2,5.5,5.7
Tell me about yourself.,My understanding is that this method provides a structured way to solve the problem. I would apply it based on the requirements and check the output using appropriate validation. I would make sure the result is relevant to the actual business or project requirement.,Software Developer,Behavioral,7.6,7.7,7.8,7.9
How would you explain a model to a non-technical stakeholder?,"It is a concept used in programming or data work. I know the basic definition, but I would need to review some details before implementing it in a complex project. I would also communicate the reasoning clearly to the team.",Data Scientist,Situational,5.0,6.6,5.9,5.7
Why should we hire you?,"I have used this concept in projects and would approach it systematically. First I would identify the requirements, then implement the solution, test it with representative cases, and evaluate the result using suitable metrics.",General / HR,Behavioral,8.8,9.1,8.5,8.8
Why should we hire you?,This concept is mainly used to solve the problem efficiently. I understand the basic working and can explain it with an example. I would also test the solution before using it in a project. I would make sure the result is relevant to the actual business or project requirement.,General / HR,Behavioral,6.0,7.5,7.9,6.7
Tell me about yourself.,It is related to the question and is commonly used in projects. I can explain the basics but would need more practice to give a detailed answer.,Software Developer,Behavioral,4.0,5.9,6.1,5.1
How would you explain a model to a non-technical stakeholder?,It is an important concept because it improves the way we solve or analyze a problem. I know the main idea and would use a practical example to explain it.,Data Scientist,Situational,6.6,7.8,7.1,7.1
Why do we scale features?,"I would explain this clearly by defining the concept first, then giving a practical example. The key point is that the approach should solve the stated problem while considering correctness, performance, and maintainability. I would make sure the result is relevant to the actual business or project requirement.",ML Engineer,Technical,8.1,9.5,8.5,8.5
What is normalization?,This concept is mainly used to solve the problem efficiently. I understand the basic working and can explain it with an example. I would also test the solution before using it in a project.,Data Analyst,Technical,6.3,7.3,7.6,6.6
Explain INNER JOIN and LEFT JOIN.,"I would explain this clearly by defining the concept first, then giving a practical example. The key point is that the approach should solve the stated problem while considering correctness, performance, and maintainability.",Data Analyst,Technical,9.6,9.2,9.1,9.8
Describe a time you worked in a team.,"It is a concept used in programming or data work. I know the basic definition, but I would need to review some details before implementing it in a complex project. I would make sure the result is relevant to the actual business or project requirement.",General / HR,Behavioral,4.7,7.1,5.9,5.6
What is the difference between classification and regression?,"I would explain this clearly by defining the concept first, then giving a practical example. The key point is that the approach should solve the stated problem while considering correctness, performance, and maintainability. I would make sure the result is relevant to the actual business or project requirement.",ML Engineer,Technical,8.2,9.1,9.7,8.9
What is an ROC curve?,"I have used this concept in projects and would approach it systematically. First I would identify the requirements, then implement the solution, test it with representative cases, and evaluate the result using suitable metrics.",Data Scientist,Technical,9.2,8.2,9.2,8.8
What is the difference between classification and regression?,"I would explain this clearly by defining the concept first, then giving a practical example. The key point is that the approach should solve the stated problem while considering correctness, performance, and maintainability. I would make sure the result is relevant to the actual business or project requirement.",ML Engineer,Technical,9.2,8.3,9.2,9.0
How do you handle a tight deadline?,"I am not sure about the exact answer. I know it is related to programming or data, but I cannot provide a clear explanation right now.",Software Developer,Situational,3.2,4.1,4.0,3.2
How do you handle imbalanced data?,"My understanding is that it helps solve a particular problem. I know the general idea, although I may not remember all the technical details.",Data Scientist,Technical,6.2,4.8,5.6,5.5
How do you handle conflicting requirements?,This concept is mainly used to solve the problem efficiently. I understand the basic working and can explain it with an example. I would also test the solution before using it in a project. I would make sure the result is relevant to the actual business or project requirement.,Data Analyst,Situational,8.2,7.7,7.3,7.9
Describe a challenging project you worked on.,It is related to the question and is commonly used in projects. I can explain the basics but would need more practice to give a detailed answer. I would make sure the result is relevant to the actual business or project requirement. I would also communicate the reasoning clearly to the team.,Data Analyst,Behavioral,5.1,5.2,6.1,5.4
What is time complexity?,It is an important concept because it improves the way we solve or analyze a problem. I know the main idea and would use a practical example to explain it.,Software Developer,Technical,6.3,8.0,8.0,7.1
What is the difference between GET and POST?,"It is a concept used in programming or data work. I know the basic definition, but I would need to review some details before implementing it in a complex project.",Software Developer,Technical,5.3,5.4,5.7,5.7
How do you identify outliers?,This concept is mainly used to solve the problem efficiently. I understand the basic working and can explain it with an example. I would also test the solution before using it in a project. I would make sure the result is relevant to the actual business or project requirement.,Data Analyst,Technical,7.6,7.2,6.7,7.1
What is gradient descent?,My understanding is that this method provides a structured way to solve the problem. I would apply it based on the requirements and check the output using appropriate validation.,ML Engineer,Technical,5.6,6.7,7.8,6.3
Tell me about yourself.,This concept is mainly used to solve the problem efficiently. I understand the basic working and can explain it with an example. I would also test the solution before using it in a project. I would also communicate the reasoning clearly to the team.,General / HR,Behavioral,8.5,8.2,7.3,8.0
What is Git used for?,"I would explain this clearly by defining the concept first, then giving a practical example. The key point is that the approach should solve the stated problem while considering correctness, performance, and maintainability.",Software Developer,Technical,9.5,8.9,9.8,9.4
What is a REST API?,It is an important concept because it improves the way we solve or analyze a problem. I know the main idea and would use a practical example to explain it.,Software Developer,Technical,7.5,7.9,7.2,7.3
How do you handle imbalanced data?,"My understanding is that it helps solve a particular problem. I know the general idea, although I may not remember all the technical details. I would also communicate the reasoning clearly to the team.",Data Scientist,Technical,6.1,5.5,3.9,5.4
What is linear regression?,I think it is something used in technology. I am not completely sure about the definition and would need to study it again. I would make sure the result is relevant to the actual business or project requirement. I would also communicate the reasoning clearly to the team.,Data Scientist,Technical,3.3,3.5,3.1,3.4
What are your strengths?,"I am not sure about the exact answer. I know it is related to programming or data, but I cannot provide a clear explanation right now.",General / HR,Behavioral,3.2,3.3,2.8,3.1
What is an ROC curve?,This concept is mainly used to solve the problem efficiently. I understand the basic working and can explain it with an example. I would also test the solution before using it in a project.,Data Scientist,Technical,6.6,7.7,6.6,6.8
What is a primary key?,"It is a concept used in programming or data work. I know the basic definition, but I would need to review some details before implementing it in a complex project. I would make sure the result is relevant to the actual business or project requirement.",Data Analyst,Technical,5.7,4.2,5.4,5.5
What is a primary key?,I think it is something used in technology. I am not completely sure about the definition and would need to study it again. I would make sure the result is relevant to the actual business or project requirement.,Data Analyst,Technical,1.9,3.3,2.5,2.7
What is gradient descent?,"The main idea is to understand the problem, choose the appropriate method, and validate the result. In a practical project, I would also test edge cases and explain the trade-offs behind my choice.",ML Engineer,Technical,8.7,8.9,8.6,8.9
What is hypothesis testing?,I have heard about this concept but I cannot explain how it works in detail. I would need to review the topic.,Data Scientist,Technical,3.2,3.8,2.2,3.5
Why do we scale features?,This concept is mainly used to solve the problem efficiently. I understand the basic working and can explain it with an example. I would also test the solution before using it in a project.,ML Engineer,Technical,8.0,7.2,7.7,7.7
What is linear regression?,My understanding is that this method provides a structured way to solve the problem. I would apply it based on the requirements and check the output using appropriate validation. I would make sure the result is relevant to the actual business or project requirement.,Data Scientist,Technical,7.5,7.6,6.3,7.1
Describe a time you worked in a team.,It is related to the question and is commonly used in projects. I can explain the basics but would need more practice to give a detailed answer.,General / HR,Behavioral,4.9,6.1,6.2,5.6
How do you prioritize multiple tasks?,I think it is something used in technology. I am not completely sure about the definition and would need to study it again.,General / HR,Situational,2.6,2.4,3.4,2.9
How would you explain a model to a non-technical stakeholder?,"My understanding is that it helps solve a particular problem. I know the general idea, although I may not remember all the technical details.",Data Scientist,Situational,5.4,4.6,4.8,5.0
What is the difference between classification and regression?,"I have used this concept in projects and would approach it systematically. First I would identify the requirements, then implement the solution, test it with representative cases, and evaluate the result using suitable metrics. I would make sure the result is relevant to the actual business or project requirement.",ML Engineer,Technical,9.0,8.6,8.7,8.6
What is the difference between WHERE and HAVING in SQL?,"My understanding is that it helps solve a particular problem. I know the general idea, although I may not remember all the technical details. I would make sure the result is relevant to the actual business or project requirement.",Data Analyst,Technical,4.5,4.6,5.3,4.6
How do you handle conflicting requirements?,"My understanding is that it helps solve a particular problem. I know the general idea, although I may not remember all the technical details.",Data Analyst,Situational,4.7,5.5,6.4,5.6
What is overfitting?,"It is a concept used in programming or data work. I know the basic definition, but I would need to review some details before implementing it in a complex project.",ML Engineer,Technical,5.5,5.4,5.2,5.4
What is linear regression?,"It is a concept used in programming or data work. I know the basic definition, but I would need to review some details before implementing it in a complex project.",Data Scientist,Technical,7.3,4.4,5.6,5.9
What is the difference between WHERE and HAVING in SQL?,This concept is mainly used to solve the problem efficiently. I understand the basic working and can explain it with an example. I would also test the solution before using it in a project.,Data Analyst,Technical,7.3,8.0,5.9,7.4
What is supervised learning?,"The main idea is to understand the problem, choose the appropriate method, and validate the result. In a practical project, I would also test edge cases and explain the trade-offs behind my choice.",ML Engineer,Technical,8.8,9.1,9.3,8.7
How do you handle a tight deadline?,"The main idea is to understand the problem, choose the appropriate method, and validate the result. In a practical project, I would also test edge cases and explain the trade-offs behind my choice.",Software Developer,Situational,9.0,7.9,9.3,8.5
What is time complexity?,My understanding is that this method provides a structured way to solve the problem. I would apply it based on the requirements and check the output using appropriate validation.,Software Developer,Technical,6.9,8.1,7.5,7.3
What is cross-validation?,"My understanding is that it helps solve a particular problem. I know the general idea, although I may not remember all the technical details.",ML Engineer,Technical,5.9,5.6,7.0,5.9
Explain a stack and a queue.,This concept is mainly used to solve the problem efficiently. I understand the basic working and can explain it with an example. I would also test the solution before using it in a project. I would make sure the result is relevant to the actual business or project requirement.,Software Developer,Technical,7.2,7.5,6.8,7.2
Describe a time you worked in a team.,"I have used this concept in projects and would approach it systematically. First I would identify the requirements, then implement the solution, test it with representative cases, and evaluate the result using suitable metrics. I would make sure the result is relevant to the actual business or project requirement.",General / HR,Behavioral,8.1,9.4,9.2,8.6
Tell me about yourself.,It is related to the question and is commonly used in projects. I can explain the basics but would need more practice to give a detailed answer.,General / HR,Behavioral,5.0,6.0,5.3,5.4
Describe a data science project.,"The main idea is to understand the problem, choose the appropriate method, and validate the result. In a practical project, I would also test edge cases and explain the trade-offs behind my choice. I would make sure the result is relevant to the actual business or project requirement.",Data Scientist,Behavioral,8.7,8.3,8.8,8.4
What is the difference between classification and regression?,It is an important concept because it improves the way we solve or analyze a problem. I know the main idea and would use a practical example to explain it. I would make sure the result is relevant to the actual business or project requirement. I would also communicate the reasoning clearly to the team.,ML Engineer,Technical,6.6,7.1,7.3,6.5
How do you handle a tight deadline?,My understanding is that this method provides a structured way to solve the problem. I would apply it based on the requirements and check the output using appropriate validation.,Software Developer,Situational,7.8,7.3,7.1,7.0
Where do you see yourself in five years?,I think it is something used in technology. I am not completely sure about the definition and would need to study it again.,General / HR,Behavioral,2.7,3.5,2.4,3.0
What are your strengths?,I think it is something used in technology. I am not completely sure about the definition and would need to study it again. I would also communicate the reasoning clearly to the team.,General / HR,Behavioral,3.1,2.5,2.9,2.9
How do you identify outliers?,"I would explain this clearly by defining the concept first, then giving a practical example. The key point is that the approach should solve the stated problem while considering correctness, performance, and maintainability.",Data Analyst,Technical,8.6,9.4,8.2,8.7
How do you handle imbalanced data?,It is related to the question and is commonly used in projects. I can explain the basics but would need more practice to give a detailed answer. I would make sure the result is relevant to the actual business or project requirement.,Data Scientist,Technical,5.7,4.7,5.8,5.3
Tell me about yourself.,This concept is mainly used to solve the problem efficiently. I understand the basic working and can explain it with an example. I would also test the solution before using it in a project. I would make sure the result is relevant to the actual business or project requirement.,General / HR,Behavioral,6.9,7.0,7.1,7.2
What is a REST API?,My understanding is that this method provides a structured way to solve the problem. I would apply it based on the requirements and check the output using appropriate validation.,Software Developer,Technical,7.2,6.7,6.8,6.8
What is hypothesis testing?,"It is a concept used in programming or data work. I know the basic definition, but I would need to review some details before implementing it in a complex project. I would make sure the result is relevant to the actual business or project requirement.",Data Scientist,Technical,4.8,7.4,5.1,5.7
How would you debug a model with poor performance?,My understanding is that this method provides a structured way to solve the problem. I would apply it based on the requirements and check the output using appropriate validation.,ML Engineer,Situational,6.5,7.5,6.8,7.1
What is SQL?,It is an important concept because it improves the way we solve or analyze a problem. I know the main idea and would use a practical example to explain it.,Data Analyst,Technical,7.9,8.0,6.3,7.6
Explain precision and recall.,I think it is something used in technology. I am not completely sure about the definition and would need to study it again. I would make sure the result is relevant to the actual business or project requirement.,ML Engineer,Technical,2.8,1.9,2.8,2.5
What are your strengths?,"I have used this concept in projects and would approach it systematically. First I would identify the requirements, then implement the solution, test it with representative cases, and evaluate the result using suitable metrics.",General / HR,Behavioral,8.7,8.8,9.1,8.5
Explain INNER JOIN and LEFT JOIN.,It is an important concept because it improves the way we solve or analyze a problem. I know the main idea and would use a practical example to explain it.,Data Analyst,Technical,6.1,6.3,7.4,6.5
What is linear regression?,It is an important concept because it improves the way we solve or analyze a problem. I know the main idea and would use a practical example to explain it.,Data Scientist,Technical,7.1,6.2,7.6,7.2
Why should we hire you?,"The main idea is to understand the problem, choose the appropriate method, and validate the result. In a practical project, I would also test edge cases and explain the trade-offs behind my choice. I would make sure the result is relevant to the actual business or project requirement.",General / HR,Behavioral,9.5,8.6,8.9,9.2
What is your biggest weakness?,"My understanding is that it helps solve a particular problem. I know the general idea, although I may not remember all the technical details.",General / HR,Behavioral,5.5,5.4,6.6,5.6
Explain precision and recall.,I think it is something used in technology. I am not completely sure about the definition and would need to study it again. I would make sure the result is relevant to the actual business or project requirement.,ML Engineer,Technical,2.1,1.8,3.0,2.1
What is SQL?,"It is a concept used in programming or data work. I know the basic definition, but I would need to review some details before implementing it in a complex project.",Data Analyst,Technical,5.8,5.9,5.0,5.6
What is SQL?,"I am not sure about the exact answer. I know it is related to programming or data, but I cannot provide a clear explanation right now.",Data Analyst,Technical,2.3,4.1,3.7,3.2
What is SQL?,I have heard about this concept but I cannot explain how it works in detail. I would need to review the topic. I would also communicate the reasoning clearly to the team.,Data Analyst,Technical,3.6,2.8,2.6,2.9
How do you prioritize multiple tasks?,It is an important concept because it improves the way we solve or analyze a problem. I know the main idea and would use a practical example to explain it. I would make sure the result is relevant to the actual business or project requirement.,General / HR,Situational,8.0,6.5,7.8,7.7
Why do we scale features?,I think it is something used in technology. I am not completely sure about the definition and would need to study it again.,ML Engineer,Technical,3.1,2.1,3.4,3.1
Describe an ML project you built.,My understanding is that this method provides a structured way to solve the problem. I would apply it based on the requirements and check the output using appropriate validation. I would make sure the result is relevant to the actual business or project requirement. I would also communicate the reasoning clearly to the team.,ML Engineer,Behavioral,6.9,6.5,7.7,6.9
Tell me about yourself.,"The main idea is to understand the problem, choose the appropriate method, and validate the result. In a practical project, I would also test edge cases and explain the trade-offs behind my choice. I would also communicate the reasoning clearly to the team.",Data Analyst,Behavioral,9.1,8.4,9.1,8.9
What is Git used for?,"I have used this concept in projects and would approach it systematically. First I would identify the requirements, then implement the solution, test it with representative cases, and evaluate the result using suitable metrics.",Software Developer,Technical,9.0,7.6,9.3,8.1
Explain precision and recall.,My understanding is that this method provides a structured way to solve the problem. I would apply it based on the requirements and check the output using appropriate validation. I would also communicate the reasoning clearly to the team.,ML Engineer,Technical,7.8,6.3,7.8,7.3
What is the difference between mean and median?,"I would explain this clearly by defining the concept first, then giving a practical example. The key point is that the approach should solve the stated problem while considering correctness, performance, and maintainability.",Data Analyst,Technical,9.1,8.2,8.6,8.6
Why do we scale features?,It is related to the question and is commonly used in projects. I can explain the basics but would need more practice to give a detailed answer.,ML Engineer,Technical,5.0,5.0,4.6,4.9
Tell me about yourself.,"I have used this concept in projects and would approach it systematically. First I would identify the requirements, then implement the solution, test it with representative cases, and evaluate the result using suitable metrics. I would make sure the result is relevant to the actual business or project requirement. I would also communicate the reasoning clearly to the team.",General / HR,Behavioral,8.5,8.5,8.7,8.9
Tell me about yourself.,"My understanding is that it helps solve a particular problem. I know the general idea, although I may not remember all the technical details.",Data Scientist,Behavioral,4.7,6.1,4.9,5.1
What is the difference between a list and tuple in Python?,"I would explain this clearly by defining the concept first, then giving a practical example. The key point is that the approach should solve the stated problem while considering correctness, performance, and maintainability. I would also communicate the reasoning clearly to the team.",Software Developer,Technical,8.7,8.6,9.0,8.8
What is overfitting?,It is related to the question and is commonly used in projects. I can explain the basics but would need more practice to give a detailed answer.,ML Engineer,Technical,5.5,6.7,4.5,5.7
Tell me about yourself.,I think it is something used in technology. I am not completely sure about the definition and would need to study it again. I would make sure the result is relevant to the actual business or project requirement.,ML Engineer,Behavioral,3.1,2.8,3.3,3.0
Explain a stack and a queue.,I have heard about this concept but I cannot explain how it works in detail. I would need to review the topic. I would make sure the result is relevant to the actual business or project requirement.,Software Developer,Technical,2.1,3.4,3.4,2.9
How would you debug a model with poor performance?,My understanding is that this method provides a structured way to solve the problem. I would apply it based on the requirements and check the output using appropriate validation. I would make sure the result is relevant to the actual business or project requirement.,ML Engineer,Situational,7.1,7.1,8.7,7.4
What is the difference between GET and POST?,My understanding is that this method provides a structured way to solve the problem. I would apply it based on the requirements and check the output using appropriate validation. I would make sure the result is relevant to the actual business or project requirement.,Software Developer,Technical,7.1,6.7,7.9,7.3
What is SQL?,"The main idea is to understand the problem, choose the appropriate method, and validate the result. In a practical project, I would also test edge cases and explain the trade-offs behind my choice. I would also communicate the reasoning clearly to the team.",Data Analyst,Technical,8.9,8.9,8.5,8.9
How do you handle conflicting requirements?,It is an important concept because it improves the way we solve or analyze a problem. I know the main idea and would use a practical example to explain it. I would make sure the result is relevant to the actual business or project requirement.,Data Analyst,Situational,6.5,6.5,7.8,6.3
How do you handle feedback?,My understanding is that this method provides a structured way to solve the problem. I would apply it based on the requirements and check the output using appropriate validation. I would also communicate the reasoning clearly to the team.,General / HR,Situational,7.6,7.1,7.5,7.6
How do you select useful features?,"My understanding is that it helps solve a particular problem. I know the general idea, although I may not remember all the technical details. I would make sure the result is relevant to the actual business or project requirement.",Data Scientist,Technical,5.8,6.8,4.9,5.6
What is p-value?,It is an important concept because it improves the way we solve or analyze a problem. I know the main idea and would use a practical example to explain it. I would make sure the result is relevant to the actual business or project requirement.,Data Scientist,Technical,6.6,7.8,6.5,7.1
What is your biggest weakness?,My understanding is that this method provides a structured way to solve the problem. I would apply it based on the requirements and check the output using appropriate validation.,General / HR,Behavioral,6.2,7.0,6.8,6.3
How would you handle missing values in a dataset?,I have heard about this concept but I cannot explain how it works in detail. I would need to review the topic.,Data Analyst,Technical,2.9,3.8,3.0,3.3
What is linear regression?,"I am not sure about the exact answer. I know it is related to programming or data, but I cannot provide a clear explanation right now. I would make sure the result is relevant to the actual business or project requirement.",Data Scientist,Technical,3.0,2.3,3.0,2.8
How do you handle conflicting requirements?,"My understanding is that it helps solve a particular problem. I know the general idea, although I may not remember all the technical details. I would make sure the result is relevant to the actual business or project requirement. I would also communicate the reasoning clearly to the team.",Data Analyst,Situational,4.7,5.7,6.3,5.5
What is the difference between mean and median?,It is an important concept because it improves the way we solve or analyze a problem. I know the main idea and would use a practical example to explain it.,Data Analyst,Technical,7.5,7.4,7.7,7.6
What is Git used for?,It is related to the question and is commonly used in projects. I can explain the basics but would need more practice to give a detailed answer. I would also communicate the reasoning clearly to the team.,Software Developer,Technical,6.4,5.7,4.3,5.5
What is SQL?,It is an important concept because it improves the way we solve or analyze a problem. I know the main idea and would use a practical example to explain it.,Data Analyst,Technical,6.8,7.5,7.4,7.2
What is regularization?,"My understanding is that it helps solve a particular problem. I know the general idea, although I may not remember all the technical details.",Data Scientist,Technical,5.4,5.6,5.5,5.7
What is linear regression?,This concept is mainly used to solve the problem efficiently. I understand the basic working and can explain it with an example. I would also test the solution before using it in a project. I would make sure the result is relevant to the actual business or project requirement.,Data Scientist,Technical,7.3,8.6,6.9,7.7
Explain precision and recall.,It is related to the question and is commonly used in projects. I can explain the basics but would need more practice to give a detailed answer.,ML Engineer,Technical,5.6,5.0,5.2,5.4
"Explain train, validation, and test sets.","I would explain this clearly by defining the concept first, then giving a practical example. The key point is that the approach should solve the stated problem while considering correctness, performance, and maintainability. I would make sure the result is relevant to the actual business or project requirement.",ML Engineer,Technical,10.0,9.1,8.5,9.2
What is feature engineering?,"The main idea is to understand the problem, choose the appropriate method, and validate the result. In a practical project, I would also test edge cases and explain the trade-offs behind my choice. I would make sure the result is relevant to the actual business or project requirement.",ML Engineer,Technical,8.8,9.3,8.4,8.6
Describe a difficult bug you solved.,"It is a concept used in programming or data work. I know the basic definition, but I would need to review some details before implementing it in a complex project.",Software Developer,Behavioral,4.9,5.2,5.0,5.3
What is exception handling?,"The main idea is to understand the problem, choose the appropriate method, and validate the result. In a practical project, I would also test edge cases and explain the trade-offs behind my choice. I would make sure the result is relevant to the actual business or project requirement. I would also communicate the reasoning clearly to the team.",Software Developer,Technical,8.0,8.6,8.5,8.2
How do you handle imbalanced data?,"It is a concept used in programming or data work. I know the basic definition, but I would need to review some details before implementing it in a complex project.",Data Scientist,Technical,5.7,5.9,5.8,5.7
What is the difference between WHERE and HAVING in SQL?,My understanding is that this method provides a structured way to solve the problem. I would apply it based on the requirements and check the output using appropriate validation. I would make sure the result is relevant to the actual business or project requirement.,Data Analyst,Technical,6.2,7.4,7.1,6.7
Why should we hire you?,My understanding is that this method provides a structured way to solve the problem. I would apply it based on the requirements and check the output using appropriate validation. I would make sure the result is relevant to the actual business or project requirement.,General / HR,Behavioral,7.2,7.4,6.4,7.1
What is exception handling?,"My understanding is that it helps solve a particular problem. I know the general idea, although I may not remember all the technical details. I would make sure the result is relevant to the actual business or project requirement.",Software Developer,Technical,5.3,5.6,5.8,5.7
What is time complexity?,"I have used this concept in projects and would approach it systematically. First I would identify the requirements, then implement the solution, test it with representative cases, and evaluate the result using suitable metrics. I would make sure the result is relevant to the actual business or project requirement.",Software Developer,Technical,9.2,9.4,9.4,9.6
How do you handle imbalanced data?,I have heard about this concept but I cannot explain how it works in detail. I would need to review the topic.,Data Scientist,Technical,2.6,2.2,3.1,2.4
Tell me about yourself.,"The main idea is to understand the problem, choose the appropriate method, and validate the result. In a practical project, I would also test edge cases and explain the trade-offs behind my choice. I would make sure the result is relevant to the actual business or project requirement.",ML Engineer,Behavioral,9.1,9.9,9.2,9.4
Tell me about yourself.,"It is a concept used in programming or data work. I know the basic definition, but I would need to review some details before implementing it in a complex project.",General / HR,Behavioral,4.7,5.5,5.6,5.0
What is exception handling?,"I would explain this clearly by defining the concept first, then giving a practical example. The key point is that the approach should solve the stated problem while considering correctness, performance, and maintainability.",Software Developer,Technical,9.0,8.7,8.1,8.5
Describe a data science project.,This concept is mainly used to solve the problem efficiently. I understand the basic working and can explain it with an example. I would also test the solution before using it in a project.,Data Scientist,Behavioral,7.6,6.0,8.0,7.0
What is an ROC curve?,"It is a concept used in programming or data work. I know the basic definition, but I would need to review some details before implementing it in a complex project.",Data Scientist,Technical,4.9,5.6,5.3,5.3
What is overfitting?,I think it is something used in technology. I am not completely sure about the definition and would need to study it again.,ML Engineer,Technical,2.7,3.4,2.3,2.9
What is hypothesis testing?,"My understanding is that it helps solve a particular problem. I know the general idea, although I may not remember all the technical details. I would make sure the result is relevant to the actual business or project requirement. I would also communicate the reasoning clearly to the team.",Data Scientist,Technical,5.0,4.3,6.2,5.1
Why should we hire you?,"I am not sure about the exact answer. I know it is related to programming or data, but I cannot provide a clear explanation right now.",General / HR,Behavioral,3.5,4.6,3.9,3.6
What is the difference between a list and tuple in Python?,I have heard about this concept but I cannot explain how it works in detail. I would need to review the topic. I would make sure the result is relevant to the actual business or project requirement.,Software Developer,Technical,3.6,4.8,2.5,3.6
What is linear regression?,I think it is something used in technology. I am not completely sure about the definition and would need to study it again.,Data Scientist,Technical,2.7,3.4,2.7,3.3
What is the difference between mean and median?,"The main idea is to understand the problem, choose the appropriate method, and validate the result. In a practical project, I would also test edge cases and explain the trade-offs behind my choice. I would also communicate the reasoning clearly to the team.",Data Analyst,Technical,9.4,9.0,9.0,9.3
Tell me about yourself.,"It is a concept used in programming or data work. I know the basic definition, but I would need to review some details before implementing it in a complex project.",Data Analyst,Behavioral,5.7,6.4,6.4,6.1
Why should we hire you?,"I am not sure about the exact answer. I know it is related to programming or data, but I cannot provide a clear explanation right now. I would also communicate the reasoning clearly to the team.",General / HR,Behavioral,3.6,2.6,2.2,3.0
Where do you see yourself in five years?,I think it is something used in technology. I am not completely sure about the definition and would need to study it again.,General / HR,Behavioral,3.5,3.8,3.8,4.0
Tell me about yourself.,"My understanding is that it helps solve a particular problem. I know the general idea, although I may not remember all the technical details.",Software Developer,Behavioral,5.3,5.1,6.6,5.7
How do you identify outliers?,My understanding is that this method provides a structured way to solve the problem. I would apply it based on the requirements and check the output using appropriate validation.,Data Analyst,Technical,6.5,6.1,7.3,6.7
Why should we hire you?,"The main idea is to understand the problem, choose the appropriate method, and validate the result. In a practical project, I would also test edge cases and explain the trade-offs behind my choice.",General / HR,Behavioral,9.0,10.0,9.7,9.7
How would you explain a model to a non-technical stakeholder?,I have heard about this concept but I cannot explain how it works in detail. I would need to review the topic. I would also communicate the reasoning clearly to the team.,Data Scientist,Situational,2.8,3.1,4.3,3.2
Describe a failure and what you learned.,I think it is something used in technology. I am not completely sure about the definition and would need to study it again.,General / HR,Behavioral,2.8,3.7,2.3,2.8
How would you explain a model to a non-technical stakeholder?,"I have used this concept in projects and would approach it systematically. First I would identify the requirements, then implement the solution, test it with representative cases, and evaluate the result using suitable metrics.",Data Scientist,Situational,9.3,8.9,8.2,9.0
Explain INNER JOIN and LEFT JOIN.,My understanding is that this method provides a structured way to solve the problem. I would apply it based on the requirements and check the output using appropriate validation. I would also communicate the reasoning clearly to the team.,Data Analyst,Technical,7.1,7.0,7.5,7.1
What is gradient descent?,It is an important concept because it improves the way we solve or analyze a problem. I know the main idea and would use a practical example to explain it.,ML Engineer,Technical,7.5,6.9,6.3,7.1
Where do you see yourself in five years?,"The main idea is to understand the problem, choose the appropriate method, and validate the result. In a practical project, I would also test edge cases and explain the trade-offs behind my choice. I would make sure the result is relevant to the actual business or project requirement.",General / HR,Behavioral,8.0,8.3,9.5,8.7
How would you explain a model to a non-technical stakeholder?,"My understanding is that it helps solve a particular problem. I know the general idea, although I may not remember all the technical details.",Data Scientist,Situational,4.2,5.4,6.7,5.1
What is p-value?,"It is a concept used in programming or data work. I know the basic definition, but I would need to review some details before implementing it in a complex project.",Data Scientist,Technical,6.6,4.6,6.1,5.7
Describe a difficult bug you solved.,My understanding is that this method provides a structured way to solve the problem. I would apply it based on the requirements and check the output using appropriate validation. I would also communicate the reasoning clearly to the team.,Software Developer,Behavioral,6.3,6.8,7.6,6.9
How do you prioritize multiple tasks?,"The main idea is to understand the problem, choose the appropriate method, and validate the result. In a practical project, I would also test edge cases and explain the trade-offs behind my choice.",General / HR,Situational,9.2,10.0,8.9,9.3
Tell me about yourself.,"I have used this concept in projects and would approach it systematically. First I would identify the requirements, then implement the solution, test it with representative cases, and evaluate the result using suitable metrics. I would make sure the result is relevant to the actual business or project requirement. I would also communicate the reasoning clearly to the team.",ML Engineer,Behavioral,9.0,8.6,8.9,8.9
Why do you want this role?,It is related to the question and is commonly used in projects. I can explain the basics but would need more practice to give a detailed answer. I would make sure the result is relevant to the actual business or project requirement.,General / HR,Behavioral,4.5,5.4,4.9,4.8
How do you handle conflicting requirements?,I think it is something used in technology. I am not completely sure about the definition and would need to study it again.,Data Analyst,Situational,3.0,2.9,3.0,3.0
Describe a challenging project you worked on.,"I would explain this clearly by defining the concept first, then giving a practical example. The key point is that the approach should solve the stated problem while considering correctness, performance, and maintainability.",Data Analyst,Behavioral,9.1,8.8,9.9,9.1
Explain correlation versus causation.,It is related to the question and is commonly used in projects. I can explain the basics but would need more practice to give a detailed answer. I would make sure the result is relevant to the actual business or project requirement.,Data Scientist,Technical,5.5,6.1,6.3,5.9
How do you handle conflicting requirements?,I have heard about this concept but I cannot explain how it works in detail. I would need to review the topic. I would make sure the result is relevant to the actual business or project requirement.,Data Analyst,Situational,4.4,3.1,1.8,3.3
What is time complexity?,"I am not sure about the exact answer. I know it is related to programming or data, but I cannot provide a clear explanation right now. I would make sure the result is relevant to the actual business or project requirement.",Software Developer,Technical,3.3,3.9,3.6,3.8
What is time complexity?,This concept is mainly used to solve the problem efficiently. I understand the basic working and can explain it with an example. I would also test the solution before using it in a project. I would make sure the result is relevant to the actual business or project requirement. I would also communicate the reasoning clearly to the team.,Software Developer,Technical,7.3,7.8,7.3,7.3
Explain a stack and a queue.,"I have used this concept in projects and would approach it systematically. First I would identify the requirements, then implement the solution, test it with representative cases, and evaluate the result using suitable metrics.",Software Developer,Technical,8.7,9.8,8.7,8.7
What is OOP?,"My understanding is that it helps solve a particular problem. I know the general idea, although I may not remember all the technical details.",Software Developer,Technical,5.0,6.3,5.8,5.6
How do you identify outliers?,It is an important concept because it improves the way we solve or analyze a problem. I know the main idea and would use a practical example to explain it. I would make sure the result is relevant to the actual business or project requirement.,Data Analyst,Technical,6.7,6.5,7.5,7.0
How would you debug a model with poor performance?,It is related to the question and is commonly used in projects. I can explain the basics but would need more practice to give a detailed answer.,ML Engineer,Situational,5.1,5.3,7.0,5.3
Tell me about yourself.,"My understanding is that it helps solve a particular problem. I know the general idea, although I may not remember all the technical details.",Data Scientist,Behavioral,4.0,5.8,5.4,4.5
What is the difference between a list and tuple in Python?,"The main idea is to understand the problem, choose the appropriate method, and validate the result. In a practical project, I would also test edge cases and explain the trade-offs behind my choice.",Software Developer,Technical,9.4,9.7,9.3,9.3
What are your strengths?,My understanding is that this method provides a structured way to solve the problem. I would apply it based on the requirements and check the output using appropriate validation. I would make sure the result is relevant to the actual business or project requirement.,General / HR,Behavioral,8.5,7.7,8.3,8.2
What is gradient descent?,This concept is mainly used to solve the problem efficiently. I understand the basic working and can explain it with an example. I would also test the solution before using it in a project.,ML Engineer,Technical,8.0,6.8,7.7,7.5
How would you debug a model with poor performance?,"The main idea is to understand the problem, choose the appropriate method, and validate the result. In a practical project, I would also test edge cases and explain the trade-offs behind my choice. I would make sure the result is relevant to the actual business or project requirement.",ML Engineer,Situational,9.4,9.1,9.3,9.2
How do you handle conflicting requirements?,"It is a concept used in programming or data work. I know the basic definition, but I would need to review some details before implementing it in a complex project.",Data Analyst,Situational,6.2,5.7,4.4,5.8
Describe a failure and what you learned.,"I would explain this clearly by defining the concept first, then giving a practical example. The key point is that the approach should solve the stated problem while considering correctness, performance, and maintainability.",General / HR,Behavioral,9.3,8.5,8.6,8.9
What is hypothesis testing?,My understanding is that this method provides a structured way to solve the problem. I would apply it based on the requirements and check the output using appropriate validation.,Data Scientist,Technical,7.0,6.3,6.8,6.7
What is overfitting?,"The main idea is to understand the problem, choose the appropriate method, and validate the result. In a practical project, I would also test edge cases and explain the trade-offs behind my choice.",ML Engineer,Technical,8.5,9.6,8.9,8.8
What is linear regression?,My understanding is that this method provides a structured way to solve the problem. I would apply it based on the requirements and check the output using appropriate validation.,Data Scientist,Technical,7.2,6.8,7.2,7.1
What is the difference between a list and tuple in Python?,"I have used this concept in projects and would approach it systematically. First I would identify the requirements, then implement the solution, test it with representative cases, and evaluate the result using suitable metrics. I would make sure the result is relevant to the actual business or project requirement.",Software Developer,Technical,8.7,8.9,9.1,8.7
What is an ROC curve?,It is related to the question and is commonly used in projects. I can explain the basics but would need more practice to give a detailed answer.,Data Scientist,Technical,5.3,6.6,5.1,5.7
How do you handle feedback?,It is related to the question and is commonly used in projects. I can explain the basics but would need more practice to give a detailed answer. I would make sure the result is relevant to the actual business or project requirement. I would also communicate the reasoning clearly to the team.,General / HR,Situational,6.2,5.0,5.6,5.6
What is supervised learning?,My understanding is that this method provides a structured way to solve the problem. I would apply it based on the requirements and check the output using appropriate validation.,ML Engineer,Technical,6.8,7.2,6.4,6.7
What is cross-validation?,"It is a concept used in programming or data work. I know the basic definition, but I would need to review some details before implementing it in a complex project. I would also communicate the reasoning clearly to the team.",ML Engineer,Technical,5.0,6.0,6.3,5.5
Explain precision and recall.,"It is a concept used in programming or data work. I know the basic definition, but I would need to review some details before implementing it in a complex project.",ML Engineer,Technical,4.2,5.8,6.2,5.2
Describe an ML project you built.,My understanding is that this method provides a structured way to solve the problem. I would apply it based on the requirements and check the output using appropriate validation. I would make sure the result is relevant to the actual business or project requirement. I would also communicate the reasoning clearly to the team.,ML Engineer,Behavioral,6.2,7.2,8.2,6.7
Describe an ML project you built.,I have heard about this concept but I cannot explain how it works in detail. I would need to review the topic.,ML Engineer,Behavioral,3.6,3.5,3.3,3.6
Describe a failure and what you learned.,"I am not sure about the exact answer. I know it is related to programming or data, but I cannot provide a clear explanation right now. I would make sure the result is relevant to the actual business or project requirement. I would also communicate the reasoning clearly to the team.",General / HR,Behavioral,3.8,3.3,3.1,3.5
How do you prioritize multiple tasks?,I think it is something used in technology. I am not completely sure about the definition and would need to study it again. I would also communicate the reasoning clearly to the team.,General / HR,Situational,3.0,2.4,3.2,2.9
What is p-value?,I think it is something used in technology. I am not completely sure about the definition and would need to study it again. I would make sure the result is relevant to the actual business or project requirement. I would also communicate the reasoning clearly to the team.,Data Scientist,Technical,3.1,4.0,1.9,3.1
What is Git used for?,My understanding is that this method provides a structured way to solve the problem. I would apply it based on the requirements and check the output using appropriate validation.,Software Developer,Technical,6.5,6.7,6.5,6.9
Tell me about yourself.,My understanding is that this method provides a structured way to solve the problem. I would apply it based on the requirements and check the output using appropriate validation.,General / HR,Behavioral,7.1,8.7,8.2,7.7
What is gradient descent?,I think it is something used in technology. I am not completely sure about the definition and would need to study it again. I would make sure the result is relevant to the actual business or project requirement.,ML Engineer,Technical,3.7,2.8,2.9,3.4
What is the difference between GET and POST?,I think it is something used in technology. I am not completely sure about the definition and would need to study it again.,Software Developer,Technical,3.7,2.4,3.4,3.3
How do you select useful features?,"I am not sure about the exact answer. I know it is related to programming or data, but I cannot provide a clear explanation right now.",Data Scientist,Technical,3.6,2.8,2.5,2.8
What are your strengths?,This concept is mainly used to solve the problem efficiently. I understand the basic working and can explain it with an example. I would also test the solution before using it in a project.,General / HR,Behavioral,7.5,7.2,7.4,7.3
What is feature engineering?,I think it is something used in technology. I am not completely sure about the definition and would need to study it again.,ML Engineer,Technical,4.0,2.7,3.3,3.6
What is regularization?,This concept is mainly used to solve the problem efficiently. I understand the basic working and can explain it with an example. I would also test the solution before using it in a project.,Data Scientist,Technical,6.9,7.1,8.0,7.2
How do you handle a tight deadline?,It is an important concept because it improves the way we solve or analyze a problem. I know the main idea and would use a practical example to explain it.,Software Developer,Situational,7.5,7.2,7.8,7.4
What is feature engineering?,I have heard about this concept but I cannot explain how it works in detail. I would need to review the topic.,ML Engineer,Technical,2.4,3.2,4.1,2.8
What is SQL?,It is related to the question and is commonly used in projects. I can explain the basics but would need more practice to give a detailed answer. I would make sure the result is relevant to the actual business or project requirement.,Data Analyst,Technical,5.1,5.2,5.4,5.1
Explain INNER JOIN and LEFT JOIN.,This concept is mainly used to solve the problem efficiently. I understand the basic working and can explain it with an example. I would also test the solution before using it in a project. I would make sure the result is relevant to the actual business or project requirement.,Data Analyst,Technical,6.4,7.5,7.6,6.8
What is p-value?,"I am not sure about the exact answer. I know it is related to programming or data, but I cannot provide a clear explanation right now.",Data Scientist,Technical,4.6,2.6,3.6,3.9
How do you handle feedback?,"My understanding is that it helps solve a particular problem. I know the general idea, although I may not remember all the technical details.",General / HR,Situational,5.5,6.3,5.7,5.8
How do you handle a tight deadline?,I have heard about this concept but I cannot explain how it works in detail. I would need to review the topic.,Software Developer,Situational,2.6,2.7,3.8,3.1
Why should we hire you?,"It is a concept used in programming or data work. I know the basic definition, but I would need to review some details before implementing it in a complex project. I would also communicate the reasoning clearly to the team.",General / HR,Behavioral,4.9,6.6,5.6,5.6
What is the purpose of a dashboard?,I think it is something used in technology. I am not completely sure about the definition and would need to study it again.,Data Analyst,Technical,5.0,2.4,2.2,3.6
Describe an ML project you built.,"The main idea is to understand the problem, choose the appropriate method, and validate the result. In a practical project, I would also test edge cases and explain the trade-offs behind my choice.",ML Engineer,Behavioral,8.5,8.5,8.2,8.4
How do you handle conflicting requirements?,"It is a concept used in programming or data work. I know the basic definition, but I would need to review some details before implementing it in a complex project. I would make sure the result is relevant to the actual business or project requirement.",Data Analyst,Situational,5.6,6.1,6.1,6.1
Describe a time you worked in a team.,"I am not sure about the exact answer. I know it is related to programming or data, but I cannot provide a clear explanation right now. I would also communicate the reasoning clearly to the team.",General / HR,Behavioral,2.7,2.9,2.7,2.9
What is supervised learning?,It is related to the question and is commonly used in projects. I can explain the basics but would need more practice to give a detailed answer.,ML Engineer,Technical,4.6,6.2,5.5,5.1
Why should we hire you?,"It is a concept used in programming or data work. I know the basic definition, but I would need to review some details before implementing it in a complex project. I would also communicate the reasoning clearly to the team.",General / HR,Behavioral,5.1,5.3,5.7,5.5
Where do you see yourself in five years?,"I would explain this clearly by defining the concept first, then giving a practical example. The key point is that the approach should solve the stated problem while considering correctness, performance, and maintainability.",General / HR,Behavioral,8.8,7.9,9.2,9.0
How do you select useful features?,I have heard about this concept but I cannot explain how it works in detail. I would need to review the topic. I would make sure the result is relevant to the actual business or project requirement. I would also communicate the reasoning clearly to the team.,Data Scientist,Technical,2.5,3.3,2.2,2.6
How do you handle feedback?,It is related to the question and is commonly used in projects. I can explain the basics but would need more practice to give a detailed answer.,General / HR,Situational,5.2,5.1,6.2,5.6
What is gradient descent?,It is an important concept because it improves the way we solve or analyze a problem. I know the main idea and would use a practical example to explain it. I would make sure the result is relevant to the actual business or project requirement.,ML Engineer,Technical,8.0,7.1,6.8,7.7
What is OOP?,This concept is mainly used to solve the problem efficiently. I understand the basic working and can explain it with an example. I would also test the solution before using it in a project.,Software Developer,Technical,8.1,7.6,7.6,8.0
What is the difference between a list and tuple in Python?,"It is a concept used in programming or data work. I know the basic definition, but I would need to review some details before implementing it in a complex project. I would make sure the result is relevant to the actual business or project requirement.",Software Developer,Technical,3.8,4.2,4.7,4.2
What is overfitting?,It is related to the question and is commonly used in projects. I can explain the basics but would need more practice to give a detailed answer.,ML Engineer,Technical,5.6,5.1,5.4,5.1
What are your strengths?,It is an important concept because it improves the way we solve or analyze a problem. I know the main idea and would use a practical example to explain it. I would also communicate the reasoning clearly to the team.,General / HR,Behavioral,7.8,7.3,7.4,7.4
Tell me about yourself.,"My understanding is that it helps solve a particular problem. I know the general idea, although I may not remember all the technical details.",Data Scientist,Behavioral,5.3,5.2,7.1,5.7
How do you handle imbalanced data?,This concept is mainly used to solve the problem efficiently. I understand the basic working and can explain it with an example. I would also test the solution before using it in a project.,Data Scientist,Technical,7.0,7.5,8.1,7.4
Explain a stack and a queue.,"It is a concept used in programming or data work. I know the basic definition, but I would need to review some details before implementing it in a complex project.",Software Developer,Technical,5.1,5.1,4.6,5.4
What is OOP?,I have heard about this concept but I cannot explain how it works in detail. I would need to review the topic.,Software Developer,Technical,4.3,2.1,2.8,3.2
How do you identify outliers?,It is an important concept because it improves the way we solve or analyze a problem. I know the main idea and would use a practical example to explain it. I would make sure the result is relevant to the actual business or project requirement. I would also communicate the reasoning clearly to the team.,Data Analyst,Technical,7.0,7.1,7.3,7.3
How do you handle a tight deadline?,This concept is mainly used to solve the problem efficiently. I understand the basic working and can explain it with an example. I would also test the solution before using it in a project.,Software Developer,Situational,6.1,6.7,8.3,6.9
Explain inheritance and polymorphism.,"My understanding is that it helps solve a particular problem. I know the general idea, although I may not remember all the technical details. I would make sure the result is relevant to the actual business or project requirement.",Software Developer,Technical,4.5,5.0,5.6,4.9
What is OOP?,It is related to the question and is commonly used in projects. I can explain the basics but would need more practice to give a detailed answer. I would also communicate the reasoning clearly to the team.,Software Developer,Technical,5.7,5.6,5.3,5.4
What is gradient descent?,My understanding is that this method provides a structured way to solve the problem. I would apply it based on the requirements and check the output using appropriate validation. I would make sure the result is relevant to the actual business or project requirement.,ML Engineer,Technical,7.3,7.1,7.5,7.4
Tell me about yourself.,This concept is mainly used to solve the problem efficiently. I understand the basic working and can explain it with an example. I would also test the solution before using it in a project. I would make sure the result is relevant to the actual business or project requirement. I would also communicate the reasoning clearly to the team.,Data Scientist,Behavioral,6.7,7.3,7.2,6.8
How would you handle missing values in a dataset?,"The main idea is to understand the problem, choose the appropriate method, and validate the result. In a practical project, I would also test edge cases and explain the trade-offs behind my choice. I would make sure the result is relevant to the actual business or project requirement.",Data Analyst,Technical,8.9,10.0,8.9,9.2
What is SQL?,"My understanding is that it helps solve a particular problem. I know the general idea, although I may not remember all the technical details. I would make sure the result is relevant to the actual business or project requirement.",Data Analyst,Technical,4.9,6.1,5.5,5.1
What is the purpose of a dashboard?,"I would explain this clearly by defining the concept first, then giving a practical example. The key point is that the approach should solve the stated problem while considering correctness, performance, and maintainability. I would make sure the result is relevant to the actual business or project requirement.",Data Analyst,Technical,8.2,9.4,8.6,8.5
What is SQL?,I think it is something used in technology. I am not completely sure about the definition and would need to study it again.,Data Analyst,Technical,2.2,2.6,3.1,2.7
How do you identify outliers?,This concept is mainly used to solve the problem efficiently. I understand the basic working and can explain it with an example. I would also test the solution before using it in a project. I would make sure the result is relevant to the actual business or project requirement. I would also communicate the reasoning clearly to the team.,Data Analyst,Technical,6.6,8.1,6.8,7.5
What is the difference between mean and median?,It is an important concept because it improves the way we solve or analyze a problem. I know the main idea and would use a practical example to explain it. I would make sure the result is relevant to the actual business or project requirement.,Data Analyst,Technical,7.8,7.3,7.2,7.6
What is linear regression?,It is an important concept because it improves the way we solve or analyze a problem. I know the main idea and would use a practical example to explain it. I would make sure the result is relevant to the actual business or project requirement. I would also communicate the reasoning clearly to the team.,Data Scientist,Technical,8.1,7.8,7.4,7.9
What is a primary key?,I think it is something used in technology. I am not completely sure about the definition and would need to study it again.,Data Analyst,Technical,3.2,3.3,3.4,3.4
What is overfitting?,"The main idea is to understand the problem, choose the appropriate method, and validate the result. In a practical project, I would also test edge cases and explain the trade-offs behind my choice.",ML Engineer,Technical,9.0,9.3,8.5,8.9
Explain correlation versus causation.,I think it is something used in technology. I am not completely sure about the definition and would need to study it again. I would make sure the result is relevant to the actual business or project requirement.,Data Scientist,Technical,3.7,3.5,4.3,3.7
Describe a failure and what you learned.,"My understanding is that it helps solve a particular problem. I know the general idea, although I may not remember all the technical details. I would make sure the result is relevant to the actual business or project requirement.",General / HR,Behavioral,5.6,6.1,5.6,6.1
Explain INNER JOIN and LEFT JOIN.,"I would explain this clearly by defining the concept first, then giving a practical example. The key point is that the approach should solve the stated problem while considering correctness, performance, and maintainability. I would also communicate the reasoning clearly to the team.",Data Analyst,Technical,8.7,8.7,8.5,9.1
What is the difference between mean and median?,I have heard about this concept but I cannot explain how it works in detail. I would need to review the topic. I would make sure the result is relevant to the actual business or project requirement.,Data Analyst,Technical,3.4,3.6,2.6,3.3
How do you handle conflicting requirements?,"The main idea is to understand the problem, choose the appropriate method, and validate the result. In a practical project, I would also test edge cases and explain the trade-offs behind my choice. I would make sure the result is relevant to the actual business or project requirement. I would also communicate the reasoning clearly to the team.",Data Analyst,Situational,9.3,9.3,9.5,9.3
What is the difference between GET and POST?,"The main idea is to understand the problem, choose the appropriate method, and validate the result. In a practical project, I would also test edge cases and explain the trade-offs behind my choice. I would make sure the result is relevant to the actual business or project requirement.",Software Developer,Technical,9.0,8.5,8.1,8.5
What is cross-validation?,I have heard about this concept but I cannot explain how it works in detail. I would need to review the topic. I would make sure the result is relevant to the actual business or project requirement.,ML Engineer,Technical,2.5,2.9,2.1,2.3
"Explain train, validation, and test sets.",My understanding is that this method provides a structured way to solve the problem. I would apply it based on the requirements and check the output using appropriate validation. I would make sure the result is relevant to the actual business or project requirement.,ML Engineer,Technical,6.5,7.2,7.8,7.0
Where do you see yourself in five years?,It is an important concept because it improves the way we solve or analyze a problem. I know the main idea and would use a practical example to explain it.,General / HR,Behavioral,7.4,7.2,7.7,7.5
What is the difference between WHERE and HAVING in SQL?,It is related to the question and is commonly used in projects. I can explain the basics but would need more practice to give a detailed answer.,Data Analyst,Technical,4.7,6.2,5.7,5.2
How do you select useful features?,My understanding is that this method provides a structured way to solve the problem. I would apply it based on the requirements and check the output using appropriate validation.,Data Scientist,Technical,7.2,6.4,6.2,6.8
How do you handle conflicting requirements?,"My understanding is that it helps solve a particular problem. I know the general idea, although I may not remember all the technical details.",Data Analyst,Situational,5.8,4.6,5.4,5.6
What is exception handling?,"I would explain this clearly by defining the concept first, then giving a practical example. The key point is that the approach should solve the stated problem while considering correctness, performance, and maintainability.",Software Developer,Technical,9.3,9.3,9.2,9.1
What are your strengths?,"I am not sure about the exact answer. I know it is related to programming or data, but I cannot provide a clear explanation right now. I would make sure the result is relevant to the actual business or project requirement.",General / HR,Behavioral,3.2,2.6,2.4,3.0
How do you handle a tight deadline?,"The main idea is to understand the problem, choose the appropriate method, and validate the result. In a practical project, I would also test edge cases and explain the trade-offs behind my choice.",Software Developer,Situational,9.2,8.8,9.2,9.0
What is feature engineering?,"My understanding is that it helps solve a particular problem. I know the general idea, although I may not remember all the technical details.",ML Engineer,Technical,5.6,6.6,5.1,5.8
"Explain train, validation, and test sets.",This concept is mainly used to solve the problem efficiently. I understand the basic working and can explain it with an example. I would also test the solution before using it in a project.,ML Engineer,Technical,7.8,7.2,7.1,7.4
What is overfitting?,I think it is something used in technology. I am not completely sure about the definition and would need to study it again.,ML Engineer,Technical,2.7,4.3,3.5,3.3
Describe a difficult bug you solved.,"It is a concept used in programming or data work. I know the basic definition, but I would need to review some details before implementing it in a complex project.",Software Developer,Behavioral,6.1,5.3,5.0,5.5
Explain inheritance and polymorphism.,"It is a concept used in programming or data work. I know the basic definition, but I would need to review some details before implementing it in a complex project. I would make sure the result is relevant to the actual business or project requirement.",Software Developer,Technical,5.7,5.5,5.1,5.5
Describe a time you worked in a team.,It is an important concept because it improves the way we solve or analyze a problem. I know the main idea and would use a practical example to explain it.,General / HR,Behavioral,8.9,7.6,7.7,8.4
Why do we scale features?,It is an important concept because it improves the way we solve or analyze a problem. I know the main idea and would use a practical example to explain it.,ML Engineer,Technical,7.3,7.9,7.7,7.5
What is your biggest weakness?,"I have used this concept in projects and would approach it systematically. First I would identify the requirements, then implement the solution, test it with representative cases, and evaluate the result using suitable metrics. I would make sure the result is relevant to the actual business or project requirement. I would also communicate the reasoning clearly to the team.",General / HR,Behavioral,8.7,9.0,9.4,9.1
What is the difference between classification and regression?,"I would explain this clearly by defining the concept first, then giving a practical example. The key point is that the approach should solve the stated problem while considering correctness, performance, and maintainability.",ML Engineer,Technical,8.8,8.9,8.0,8.6
How do you prioritize multiple tasks?,This concept is mainly used to solve the problem efficiently. I understand the basic working and can explain it with an example. I would also test the solution before using it in a project. I would make sure the result is relevant to the actual business or project requirement.,General / HR,Situational,6.6,6.5,7.3,6.9
Describe a challenging project you worked on.,"The main idea is to understand the problem, choose the appropriate method, and validate the result. In a practical project, I would also test edge cases and explain the trade-offs behind my choice.",Data Analyst,Behavioral,8.9,9.2,8.6,8.9
What is Git used for?,"I have used this concept in projects and would approach it systematically. First I would identify the requirements, then implement the solution, test it with representative cases, and evaluate the result using suitable metrics.",Software Developer,Technical,7.6,8.7,8.6,8.0
What is cross-validation?,I have heard about this concept but I cannot explain how it works in detail. I would need to review the topic. I would make sure the result is relevant to the actual business or project requirement. I would also communicate the reasoning clearly to the team.,ML Engineer,Technical,3.3,2.3,3.0,2.9
What is supervised learning?,It is an important concept because it improves the way we solve or analyze a problem. I know the main idea and would use a practical example to explain it. I would make sure the result is relevant to the actual business or project requirement.,ML Engineer,Technical,6.4,7.0,7.2,6.7
How do you handle conflicting requirements?,This concept is mainly used to solve the problem efficiently. I understand the basic working and can explain it with an example. I would also test the solution before using it in a project. I would also communicate the reasoning clearly to the team.,Data Analyst,Situational,7.4,8.4,7.1,7.6
Why should we hire you?,This concept is mainly used to solve the problem efficiently. I understand the basic working and can explain it with an example. I would also test the solution before using it in a project.,General / HR,Behavioral,6.9,6.8,6.5,6.6
Explain precision and recall.,My understanding is that this method provides a structured way to solve the problem. I would apply it based on the requirements and check the output using appropriate validation.,ML Engineer,Technical,6.2,7.1,7.4,6.9
What is cross-validation?,My understanding is that this method provides a structured way to solve the problem. I would apply it based on the requirements and check the output using appropriate validation.,ML Engineer,Technical,7.6,8.3,7.5,7.8
How do you handle feedback?,My understanding is that this method provides a structured way to solve the problem. I would apply it based on the requirements and check the output using appropriate validation.,General / HR,Situational,7.2,7.4,8.0,7.5
How do you handle conflicting requirements?,I have heard about this concept but I cannot explain how it works in detail. I would need to review the topic.,Data Analyst,Situational,2.4,5.0,3.5,3.5
What is cross-validation?,"The main idea is to understand the problem, choose the appropriate method, and validate the result. In a practical project, I would also test edge cases and explain the trade-offs behind my choice.",ML Engineer,Technical,8.6,9.0,8.2,8.7
What is hypothesis testing?,My understanding is that this method provides a structured way to solve the problem. I would apply it based on the requirements and check the output using appropriate validation.,Data Scientist,Technical,8.3,7.4,7.2,7.7
What is p-value?,I have heard about this concept but I cannot explain how it works in detail. I would need to review the topic. I would also communicate the reasoning clearly to the team.,Data Scientist,Technical,3.0,2.1,3.5,3.2
What is your biggest weakness?,It is related to the question and is commonly used in projects. I can explain the basics but would need more practice to give a detailed answer. I would also communicate the reasoning clearly to the team.,General / HR,Behavioral,4.8,5.4,6.2,5.3
"Explain train, validation, and test sets.","My understanding is that it helps solve a particular problem. I know the general idea, although I may not remember all the technical details.",ML Engineer,Technical,6.3,4.3,6.3,5.9
What is cross-validation?,My understanding is that this method provides a structured way to solve the problem. I would apply it based on the requirements and check the output using appropriate validation. I would make sure the result is relevant to the actual business or project requirement.,ML Engineer,Technical,6.5,7.7,6.0,6.7
Why do we scale features?,This concept is mainly used to solve the problem efficiently. I understand the basic working and can explain it with an example. I would also test the solution before using it in a project. I would make sure the result is relevant to the actual business or project requirement.,ML Engineer,Technical,7.9,7.8,7.8,8.0
What is your biggest weakness?,This concept is mainly used to solve the problem efficiently. I understand the basic working and can explain it with an example. I would also test the solution before using it in a project. I would make sure the result is relevant to the actual business or project requirement.,General / HR,Behavioral,6.7,7.2,7.6,7.3
What is cross-validation?,This concept is mainly used to solve the problem efficiently. I understand the basic working and can explain it with an example. I would also test the solution before using it in a project.,ML Engineer,Technical,7.1,8.1,7.5,7.3
How do you handle conflicting requirements?,My understanding is that this method provides a structured way to solve the problem. I would apply it based on the requirements and check the output using appropriate validation.,Data Analyst,Situational,7.5,6.8,7.7,7.1
What is OOP?,"The main idea is to understand the problem, choose the appropriate method, and validate the result. In a practical project, I would also test edge cases and explain the trade-offs behind my choice.",Software Developer,Technical,8.7,9.2,8.8,8.8
How do you prioritize multiple tasks?,"I would explain this clearly by defining the concept first, then giving a practical example. The key point is that the approach should solve the stated problem while considering correctness, performance, and maintainability. I would make sure the result is relevant to the actual business or project requirement. I would also communicate the reasoning clearly to the team.",General / HR,Situational,8.1,8.5,9.8,8.7
What is exception handling?,This concept is mainly used to solve the problem efficiently. I understand the basic working and can explain it with an example. I would also test the solution before using it in a project.,Software Developer,Technical,7.9,7.5,7.5,7.5
Where do you see yourself in five years?,"My understanding is that it helps solve a particular problem. I know the general idea, although I may not remember all the technical details.",General / HR,Behavioral,5.5,5.8,5.5,5.7
Describe a time you worked in a team.,"It is a concept used in programming or data work. I know the basic definition, but I would need to review some details before implementing it in a complex project.",General / HR,Behavioral,5.8,5.1,4.9,5.5
What is SQL?,"I would explain this clearly by defining the concept first, then giving a practical example. The key point is that the approach should solve the stated problem while considering correctness, performance, and maintainability.",Data Analyst,Technical,9.0,9.2,8.4,9.0
Tell me about yourself.,"It is a concept used in programming or data work. I know the basic definition, but I would need to review some details before implementing it in a complex project. I would make sure the result is relevant to the actual business or project requirement.",Data Scientist,Behavioral,5.9,4.8,6.0,5.7
Tell me about yourself.,I think it is something used in technology. I am not completely sure about the definition and would need to study it again. I would make sure the result is relevant to the actual business or project requirement.,Software Developer,Behavioral,3.0,2.8,2.0,2.7
Describe an ML project you built.,My understanding is that this method provides a structured way to solve the problem. I would apply it based on the requirements and check the output using appropriate validation.,ML Engineer,Behavioral,7.2,7.3,7.6,7.7
Describe a difficult bug you solved.,"My understanding is that it helps solve a particular problem. I know the general idea, although I may not remember all the technical details. I would make sure the result is relevant to the actual business or project requirement.",Software Developer,Behavioral,5.4,6.4,6.8,6.1
Tell me about yourself.,This concept is mainly used to solve the problem efficiently. I understand the basic working and can explain it with an example. I would also test the solution before using it in a project.,General / HR,Behavioral,8.0,7.9,8.8,7.9
How do you identify outliers?,"My understanding is that it helps solve a particular problem. I know the general idea, although I may not remember all the technical details. I would make sure the result is relevant to the actual business or project requirement.",Data Analyst,Technical,6.4,6.1,5.4,6.1
What is exception handling?,I have heard about this concept but I cannot explain how it works in detail. I would need to review the topic.,Software Developer,Technical,1.8,3.7,3.8,2.7
What is SQL?,"It is a concept used in programming or data work. I know the basic definition, but I would need to review some details before implementing it in a complex project.",Data Analyst,Technical,4.8,6.2,5.4,5.7
Tell me about yourself.,"I have used this concept in projects and would approach it systematically. First I would identify the requirements, then implement the solution, test it with representative cases, and evaluate the result using suitable metrics.",ML Engineer,Behavioral,9.3,8.7,9.0,9.0
Describe a time you worked in a team.,It is related to the question and is commonly used in projects. I can explain the basics but would need more practice to give a detailed answer.,General / HR,Behavioral,4.5,4.5,6.7,5.1
How would you debug a model with poor performance?,"The main idea is to understand the problem, choose the appropriate method, and validate the result. In a practical project, I would also test edge cases and explain the trade-offs behind my choice. I would also communicate the reasoning clearly to the team.",ML Engineer,Situational,9.4,9.0,9.7,9.4
Tell me about yourself.,"My understanding is that it helps solve a particular problem. I know the general idea, although I may not remember all the technical details. I would make sure the result is relevant to the actual business or project requirement.",ML Engineer,Behavioral,5.2,6.8,5.1,5.7
How do you handle feedback?,"My understanding is that it helps solve a particular problem. I know the general idea, although I may not remember all the technical details. I would make sure the result is relevant to the actual business or project requirement.",General / HR,Situational,4.4,5.6,4.9,4.6
What is the difference between GET and POST?,"It is a concept used in programming or data work. I know the basic definition, but I would need to review some details before implementing it in a complex project. I would also communicate the reasoning clearly to the team.",Software Developer,Technical,4.1,4.7,6.7,4.7
Tell me about yourself.,It is an important concept because it improves the way we solve or analyze a problem. I know the main idea and would use a practical example to explain it. I would make sure the result is relevant to the actual business or project requirement.,General / HR,Behavioral,7.3,7.1,6.9,7.2
What is gradient descent?,It is an important concept because it improves the way we solve or analyze a problem. I know the main idea and would use a practical example to explain it.,ML Engineer,Technical,7.6,7.3,6.1,6.9
Describe an ML project you built.,"The main idea is to understand the problem, choose the appropriate method, and validate the result. In a practical project, I would also test edge cases and explain the trade-offs behind my choice.",ML Engineer,Behavioral,8.2,8.9,8.6,8.4
What is OOP?,"It is a concept used in programming or data work. I know the basic definition, but I would need to review some details before implementing it in a complex project. I would make sure the result is relevant to the actual business or project requirement. I would also communicate the reasoning clearly to the team.",Software Developer,Technical,5.8,5.5,5.2,5.6
What is logistic regression?,"It is a concept used in programming or data work. I know the basic definition, but I would need to review some details before implementing it in a complex project. I would make sure the result is relevant to the actual business or project requirement.",Data Scientist,Technical,5.9,5.8,5.7,5.9
Tell me about yourself.,"The main idea is to understand the problem, choose the appropriate method, and validate the result. In a practical project, I would also test edge cases and explain the trade-offs behind my choice.",Data Analyst,Behavioral,8.8,9.6,9.2,9.2
What is a REST API?,"It is a concept used in programming or data work. I know the basic definition, but I would need to review some details before implementing it in a complex project.",Software Developer,Technical,5.2,5.6,5.1,5.2
What is time complexity?,It is an important concept because it improves the way we solve or analyze a problem. I know the main idea and would use a practical example to explain it. I would make sure the result is relevant to the actual business or project requirement.,Software Developer,Technical,6.8,6.4,7.5,7.4
What is logistic regression?,This concept is mainly used to solve the problem efficiently. I understand the basic working and can explain it with an example. I would also test the solution before using it in a project.,Data Scientist,Technical,7.0,7.0,7.1,7.2
Describe a difficult bug you solved.,My understanding is that this method provides a structured way to solve the problem. I would apply it based on the requirements and check the output using appropriate validation.,Software Developer,Behavioral,7.1,6.7,7.7,6.8
What is a primary key?,"My understanding is that it helps solve a particular problem. I know the general idea, although I may not remember all the technical details.",Data Analyst,Technical,6.2,6.2,5.7,6.2
What is Git used for?,"I am not sure about the exact answer. I know it is related to programming or data, but I cannot provide a clear explanation right now. I would also communicate the reasoning clearly to the team.",Software Developer,Technical,3.4,3.9,2.4,3.1
What is time complexity?,"It is a concept used in programming or data work. I know the basic definition, but I would need to review some details before implementing it in a complex project.",Software Developer,Technical,4.8,6.4,6.6,5.5
What is regularization?,I have heard about this concept but I cannot explain how it works in detail. I would need to review the topic. I would also communicate the reasoning clearly to the team.,Data Scientist,Technical,2.7,4.2,2.8,3.3
Why do you want this role?,"I would explain this clearly by defining the concept first, then giving a practical example. The key point is that the approach should solve the stated problem while considering correctness, performance, and maintainability.",General / HR,Behavioral,9.2,8.9,8.9,8.9
How would you handle missing values in a dataset?,My understanding is that this method provides a structured way to solve the problem. I would apply it based on the requirements and check the output using appropriate validation.,Data Analyst,Technical,6.7,7.4,7.1,7.1
What is overfitting?,"I have used this concept in projects and would approach it systematically. First I would identify the requirements, then implement the solution, test it with representative cases, and evaluate the result using suitable metrics.",ML Engineer,Technical,8.6,8.6,8.8,8.7
How do you select useful features?,It is an important concept because it improves the way we solve or analyze a problem. I know the main idea and would use a practical example to explain it.,Data Scientist,Technical,7.2,7.2,7.0,7.1
Where do you see yourself in five years?,It is an important concept because it improves the way we solve or analyze a problem. I know the main idea and would use a practical example to explain it. I would make sure the result is relevant to the actual business or project requirement.,General / HR,Behavioral,8.4,7.3,7.0,8.0
"Explain train, validation, and test sets.","The main idea is to understand the problem, choose the appropriate method, and validate the result. In a practical project, I would also test edge cases and explain the trade-offs behind my choice. I would make sure the result is relevant to the actual business or project requirement.",ML Engineer,Technical,8.7,8.3,8.8,8.7
How do you handle imbalanced data?,"My understanding is that it helps solve a particular problem. I know the general idea, although I may not remember all the technical details.",Data Scientist,Technical,6.0,5.0,5.8,5.5
What is exception handling?,I have heard about this concept but I cannot explain how it works in detail. I would need to review the topic.,Software Developer,Technical,2.3,3.2,2.7,2.7
How do you handle a tight deadline?,"I have used this concept in projects and would approach it systematically. First I would identify the requirements, then implement the solution, test it with representative cases, and evaluate the result using suitable metrics. I would make sure the result is relevant to the actual business or project requirement.",Software Developer,Situational,8.3,9.1,9.8,9.0
What is logistic regression?,I think it is something used in technology. I am not completely sure about the definition and would need to study it again.,Data Scientist,Technical,2.2,2.3,3.3,2.3
What is the difference between WHERE and HAVING in SQL?,"The main idea is to understand the problem, choose the appropriate method, and validate the result. In a practical project, I would also test edge cases and explain the trade-offs behind my choice. I would also communicate the reasoning clearly to the team.",Data Analyst,Technical,8.9,9.5,8.5,9.0
What is the purpose of a dashboard?,My understanding is that this method provides a structured way to solve the problem. I would apply it based on the requirements and check the output using appropriate validation. I would make sure the result is relevant to the actual business or project requirement.,Data Analyst,Technical,6.5,6.6,5.9,6.2
"Explain train, validation, and test sets.",This concept is mainly used to solve the problem efficiently. I understand the basic working and can explain it with an example. I would also test the solution before using it in a project.,ML Engineer,Technical,7.4,7.7,7.6,7.2
What is your biggest weakness?,I think it is something used in technology. I am not completely sure about the definition and would need to study it again.,General / HR,Behavioral,2.3,2.5,2.3,2.6
"Explain train, validation, and test sets.",My understanding is that this method provides a structured way to solve the problem. I would apply it based on the requirements and check the output using appropriate validation. I would also communicate the reasoning clearly to the team.,ML Engineer,Technical,7.0,7.0,7.3,7.2
Explain INNER JOIN and LEFT JOIN.,"I am not sure about the exact answer. I know it is related to programming or data, but I cannot provide a clear explanation right now.",Data Analyst,Technical,3.0,3.7,3.5,3.1
What is your biggest weakness?,"My understanding is that it helps solve a particular problem. I know the general idea, although I may not remember all the technical details.",General / HR,Behavioral,6.1,5.8,5.8,6.2
Explain a stack and a queue.,It is an important concept because it improves the way we solve or analyze a problem. I know the main idea and would use a practical example to explain it.,Software Developer,Technical,7.0,6.9,7.6,7.4
What is feature engineering?,"I have used this concept in projects and would approach it systematically. First I would identify the requirements, then implement the solution, test it with representative cases, and evaluate the result using suitable metrics. I would also communicate the reasoning clearly to the team.",ML Engineer,Technical,8.5,10.0,8.8,8.9
What is feature engineering?,"It is a concept used in programming or data work. I know the basic definition, but I would need to review some details before implementing it in a complex project.",ML Engineer,Technical,6.0,5.1,4.9,5.7
Describe a difficult bug you solved.,"It is a concept used in programming or data work. I know the basic definition, but I would need to review some details before implementing it in a complex project.",Software Developer,Behavioral,4.8,4.9,5.2,4.7
What is your biggest weakness?,This concept is mainly used to solve the problem efficiently. I understand the basic working and can explain it with an example. I would also test the solution before using it in a project. I would make sure the result is relevant to the actual business or project requirement.,General / HR,Behavioral,6.8,7.5,7.6,7.2
How do you handle imbalanced data?,I think it is something used in technology. I am not completely sure about the definition and would need to study it again.,Data Scientist,Technical,2.1,2.6,2.6,2.2
What is normalization?,This concept is mainly used to solve the problem efficiently. I understand the basic working and can explain it with an example. I would also test the solution before using it in a project. I would make sure the result is relevant to the actual business or project requirement.,Data Analyst,Technical,6.6,7.2,6.8,7.0
Explain correlation versus causation.,"I am not sure about the exact answer. I know it is related to programming or data, but I cannot provide a clear explanation right now. I would also communicate the reasoning clearly to the team.",Data Scientist,Technical,3.2,3.7,3.2,3.7
What is logistic regression?,"I have used this concept in projects and would approach it systematically. First I would identify the requirements, then implement the solution, test it with representative cases, and evaluate the result using suitable metrics. I would make sure the result is relevant to the actual business or project requirement.",Data Scientist,Technical,8.4,9.5,9.0,8.9
Describe a failure and what you learned.,My understanding is that this method provides a structured way to solve the problem. I would apply it based on the requirements and check the output using appropriate validation.,General / HR,Behavioral,7.7,7.2,7.5,7.5
Why should we hire you?,This concept is mainly used to solve the problem efficiently. I understand the basic working and can explain it with an example. I would also test the solution before using it in a project.,General / HR,Behavioral,6.7,7.0,7.8,7.0
What is feature engineering?,"The main idea is to understand the problem, choose the appropriate method, and validate the result. In a practical project, I would also test edge cases and explain the trade-offs behind my choice.",ML Engineer,Technical,8.5,9.0,9.8,9.0
What is SQL?,My understanding is that this method provides a structured way to solve the problem. I would apply it based on the requirements and check the output using appropriate validation. I would also communicate the reasoning clearly to the team.,Data Analyst,Technical,7.2,6.6,6.7,6.8
What is logistic regression?,It is an important concept because it improves the way we solve or analyze a problem. I know the main idea and would use a practical example to explain it.,Data Scientist,Technical,7.1,7.6,6.9,7.3
What is SQL?,"My understanding is that it helps solve a particular problem. I know the general idea, although I may not remember all the technical details.",Data Analyst,Technical,5.9,5.9,5.3,5.8
What is SQL?,This concept is mainly used to solve the problem efficiently. I understand the basic working and can explain it with an example. I would also test the solution before using it in a project.,Data Analyst,Technical,6.7,7.3,7.1,6.6
What is Git used for?,"It is a concept used in programming or data work. I know the basic definition, but I would need to review some details before implementing it in a complex project.",Software Developer,Technical,4.6,5.0,3.7,4.4
Tell me about yourself.,My understanding is that this method provides a structured way to solve the problem. I would apply it based on the requirements and check the output using appropriate validation.,Data Scientist,Behavioral,7.0,7.9,7.4,7.2
What is logistic regression?,"The main idea is to understand the problem, choose the appropriate method, and validate the result. In a practical project, I would also test edge cases and explain the trade-offs behind my choice. I would also communicate the reasoning clearly to the team.",Data Scientist,Technical,8.8,8.6,8.3,8.7
Why do we scale features?,My understanding is that this method provides a structured way to solve the problem. I would apply it based on the requirements and check the output using appropriate validation. I would make sure the result is relevant to the actual business or project requirement.,ML Engineer,Technical,7.5,7.4,6.8,7.6
Describe a time you worked in a team.,"I would explain this clearly by defining the concept first, then giving a practical example. The key point is that the approach should solve the stated problem while considering correctness, performance, and maintainability. I would make sure the result is relevant to the actual business or project requirement.",General / HR,Behavioral,9.5,9.0,9.3,9.4
Explain precision and recall.,It is related to the question and is commonly used in projects. I can explain the basics but would need more practice to give a detailed answer.,ML Engineer,Technical,6.0,5.1,4.9,5.4
What is logistic regression?,"I would explain this clearly by defining the concept first, then giving a practical example. The key point is that the approach should solve the stated problem while considering correctness, performance, and maintainability. I would also communicate the reasoning clearly to the team.",Data Scientist,Technical,8.8,9.4,8.7,8.9
Describe an ML project you built.,It is an important concept because it improves the way we solve or analyze a problem. I know the main idea and would use a practical example to explain it.,ML Engineer,Behavioral,6.6,7.0,8.2,7.2
What is the purpose of a dashboard?,I think it is something used in technology. I am not completely sure about the definition and would need to study it again.,Data Analyst,Technical,2.9,3.3,2.8,3.2
How would you handle missing values in a dataset?,My understanding is that this method provides a structured way to solve the problem. I would apply it based on the requirements and check the output using appropriate validation. I would make sure the result is relevant to the actual business or project requirement.,Data Analyst,Technical,7.0,8.1,7.4,7.3
What is linear regression?,"It is a concept used in programming or data work. I know the basic definition, but I would need to review some details before implementing it in a complex project.",Data Scientist,Technical,6.1,5.8,4.5,5.4
What is your biggest weakness?,"I have used this concept in projects and would approach it systematically. First I would identify the requirements, then implement the solution, test it with representative cases, and evaluate the result using suitable metrics. I would make sure the result is relevant to the actual business or project requirement.",General / HR,Behavioral,8.3,8.9,9.3,8.9
Where do you see yourself in five years?,It is an important concept because it improves the way we solve or analyze a problem. I know the main idea and would use a practical example to explain it.,General / HR,Behavioral,6.8,6.8,7.2,6.9
What is feature engineering?,"I have used this concept in projects and would approach it systematically. First I would identify the requirements, then implement the solution, test it with representative cases, and evaluate the result using suitable metrics. I would also communicate the reasoning clearly to the team.",ML Engineer,Technical,8.2,10.0,8.8,8.9
How do you handle a tight deadline?,"I would explain this clearly by defining the concept first, then giving a practical example. The key point is that the approach should solve the stated problem while considering correctness, performance, and maintainability. I would make sure the result is relevant to the actual business or project requirement.",Software Developer,Situational,9.3,9.3,9.3,9.1
